#
# A fatal error has been detected by the Java Runtime Environment:
#
#  SIGSEGV (0xb) at pc=0x0000000000000000, pid=34884, tid=111875
#
# JRE version: OpenJDK Runtime Environment JBR-21.0.11+10-1163.116-jcef (21.0.11+10) (build 21.0.11+10-b1163.116)
# Java VM: OpenJDK 64-Bit Server VM JBR-21.0.11+10-1163.116-jcef (21.0.11+10-b1163.116, mixed mode, tiered, compressed oops, compressed class ptrs, g1 gc, bsd-aarch64)
# Problematic frame:
# C  [libjcef.dylib+0x3f918]  (anonymous namespace)::FindClass(JNIEnv_*, char const*)+0x298
#
# No core dump will be written. Core dumps have been disabled. To enable core dumping, try "ulimit -c unlimited" before starting Java again
#
# If you would like to submit a bug report, please visit:
#   https://youtrack.jetbrains.com/issues/JBR
# The crash happened outside the Java Virtual Machine in native code.
# See problematic frame for where to report the bug.
#

---------------  S U M M A R Y ------------

Command Line: -Djpackage.app-version=1.0.0 -Dcompose.application.resources.dir=/Users/sahilkashyap/AndroidStudioProjects/Zillit/desktopApp/build/compose/binaries/main/app/Zillit.app/Contents/app/resources -Dcompose.application.configure.swing.globals=true --add-opens=java.desktop/sun.awt=ALL-UNNAMED --add-opens=java.desktop/sun.lwawt=ALL-UNNAMED --add-opens=java.desktop/sun.lwawt.macosx=ALL-UNNAMED -Dskiko.library.path=/Users/sahilkashyap/AndroidStudioProjects/Zillit/desktopApp/build/compose/binaries/main/app/Zillit.app/Contents/app -Djpackage.app-path=/Users/sahilkashyap/AndroidStudioProjects/Zillit/desktopApp/build/compose/binaries/main/app/Zillit.app/Contents/MacOS/Zillit com.zillit.desktop.MainKt

Host: "Mac14,7" arm64, 8 cores, 8G, Darwin 25.5.0, macOS 26.5.1 (25F80)
Time: Wed Aug 12 09:33:03 2026 IST elapsed time: 103.433546 seconds (0d 0h 1m 43s)

---------------  T H R E A D  ---------------

Current thread (0x0000000b0bbbf800):  JavaThread "CefInitialize-thread" daemon [_thread_in_native, id=111875, stack(0x0000000176014000,0x0000000176217000) (2060K)]

Stack: [0x0000000176014000,0x0000000176217000],  sp=0x00000001762162b0,  free space=2056k
Native frames: (J=compiled Java code, j=interpreted, Vv=VM code, C=native code)
C  [libjcef.dylib+0x3f918]  (anonymous namespace)::FindClass(JNIEnv_*, char const*)+0x298
C  [libjcef.dylib+0x3fc10]  ScopedJNIClass::ScopedJNIClass(JNIEnv_*, char const*)+0x20
C  [libjcef.dylib+0x3726c]  Context::Initialize(JNIEnv_*, _jobject*, _jobject*, _jobject*, unsigned char)+0xe8
C  [libjcef.dylib+0x4300]  Java_org_cef_CefApp_N_1Initialize+0x44
j  org.cef.CefApp.N_Initialize(Lorg/cef/handler/CefAppHandler;Lorg/cef/CefSettings;Z)Z+0 jcef
j  org.cef.CefApp.initialize()V+107 jcef
j  org.cef.CefApp.lambda$new$2([Ljava/lang/String;)V+6 jcef
j  org.cef.CefApp$$Lambda+0x00000004006b59c0.run()V+8 jcef
j  java.util.concurrent.CompletableFuture$UniRun.tryFire(I)Ljava/util/concurrent/CompletableFuture;+96 java.base@21.0.11
j  java.util.concurrent.CompletableFuture$Completion.run()V+2 java.base@21.0.11
j  java.lang.Thread.runWith(Ljava/lang/Object;Ljava/lang/Runnable;)V+5 java.base@21.0.11
j  java.lang.Thread.run()V+19 java.base@21.0.11
v  ~StubRoutines::call_stub 0x0000000117cc0154
V  [libjvm.dylib+0x4b673c]  JavaCalls::call_helper(JavaValue*, methodHandle const&, JavaCallArguments*, JavaThread*)+0x3d8
V  [libjvm.dylib+0x4b5674]  JavaCalls::call_virtual(JavaValue*, Klass*, Symbol*, Symbol*, JavaCallArguments*, JavaThread*)+0x140
V  [libjvm.dylib+0x4b5740]  JavaCalls::call_virtual(JavaValue*, Handle, Klass*, Symbol*, Symbol*, JavaThread*)+0x64
V  [libjvm.dylib+0x5857b0]  thread_entry(JavaThread*, JavaThread*)+0x9c
V  [libjvm.dylib+0x4cac04]  JavaThread::thread_main_inner()+0x98
V  [libjvm.dylib+0xa11670]  Thread::call_run()+0xc8
V  [libjvm.dylib+0x830260]  thread_native_entry(Thread*)+0x118
C  [libsystem_pthread.dylib+0x6c58]  _pthread_start+0x88
Java frames: (J=compiled Java code, j=interpreted, Vv=VM code)
j  org.cef.CefApp.N_Initialize(Lorg/cef/handler/CefAppHandler;Lorg/cef/CefSettings;Z)Z+0 jcef
j  org.cef.CefApp.initialize()V+107 jcef
j  org.cef.CefApp.lambda$new$2([Ljava/lang/String;)V+6 jcef
j  org.cef.CefApp$$Lambda+0x00000004006b59c0.run()V+8 jcef
j  java.util.concurrent.CompletableFuture$UniRun.tryFire(I)Ljava/util/concurrent/CompletableFuture;+96 java.base@21.0.11
j  java.util.concurrent.CompletableFuture$Completion.run()V+2 java.base@21.0.11
j  java.lang.Thread.runWith(Ljava/lang/Object;Ljava/lang/Runnable;)V+5 java.base@21.0.11
j  java.lang.Thread.run()V+19 java.base@21.0.11
v  ~StubRoutines::call_stub 0x0000000117cc0154

siginfo: si_signo: 11 (SIGSEGV), si_code: 2 (SEGV_ACCERR), si_addr: 0x0000000000000000

Registers:
 x0=0x00000001762162d0  x1=0x0000000000000013  x2=0x0000000b061b9da0  x3=0x0000000000000000
 x4=0x0000000b061b9da0  x5=0x0000000000000000  x6=0xffffffffbfc007ff  x7=0xfffff0003ffff800
 x8=0x0000000139031000  x9=0x00000001762162d0 x10=0x0000000000000002 x11=0x0000000000000001
x12=0x0000000000789a88 x13=0xbd60e06ed4622d3c x14=0x0000000100f6d848 x15=0x0000000b061b8000
x16=0x952d000b061b9da0 x17=0x0000000f14789a88 x18=0x0000000000000000 x19=0x0000000b0bbbfbc0
x20=0x0000000b069628ca x21=0x0000000000000013 x22=0x0000000000000013 x23=0x0000000176216370
x24=0x0000000176216728 x25=0x0000000176216368 x26=0x0000000127764448 x27=0x0000000000000000
x28=0x0000000b0bbbf800  fp=0x0000000176216330  lr=0x0000000138fa391c  sp=0x00000001762162b0
pc=0x0000000000000000 cpsr=0x0000000020001400

Register to memory mapping:

x0 =0x00000001762162d0 is pointing into the stack for thread: 0x0000000b0bbbf800
x1 =0x0000000000000013 is an unknown value
x2 =0x0000000b061b9da0 points into unknown readable memory: 0x0000000000000000 | 00 00 00 00 00 00 00 00
x3 =0x0 is null
x4 =0x0000000b061b9da0 points into unknown readable memory: 0x0000000000000000 | 00 00 00 00 00 00 00 00
x5 =0x0 is null
x6 =0xffffffffbfc007ff is an unknown value
x7 =0xfffff0003ffff800 is an unknown value
x8 =0x0000000139031000: _ZN19CefCppToCRefCountedI21CefAudioHandlerCppToC15CefAudioHandler20_cef_audio_handler_tE12kWrapperTypeE+0 in /Users/sahilkashyap/AndroidStudioProjects/Zillit/desktopApp/build/compose/binaries/main/app/Zillit.app/Contents/runtime/Contents/Home/lib/libjcef.dylib at 0x0000000138f64000
x9 =0x00000001762162d0 is pointing into the stack for thread: 0x0000000b0bbbf800
x10=0x0000000000000002 is an unknown value
x11=0x0000000000000001 is an unknown value
x12=0x0000000000789a88 is an unknown value
x13=0xbd60e06ed4622d3c is an unknown value
x14=0x0000000100f6d848 points into unknown readable memory: 0x00f157898086ea88 | 88 ea 86 80 89 57 f1 00
x15=0x0000000b061b8000 points into unknown readable memory: 0x000000013a7a0340 | 40 03 7a 3a 01 00 00 00
x16=0x952d000b061b9da0 is an unknown value
x17=0x0000000f14789a88 is an unknown value
x18=0x0 is null
x19=0x0000000b0bbbfbc0 points into unknown readable memory: 0x000000010b683690 | 90 36 68 0b 01 00 00 00
x20=0x0000000b069628ca is a global jni handle
x21=0x0000000000000013 is an unknown value
x22=0x0000000000000013 is an unknown value
x23=0x0000000176216370 is pointing into the stack for thread: 0x0000000b0bbbf800
x24=0x0000000176216728 is pointing into the stack for thread: 0x0000000b0bbbf800
x25=0x0000000176216368 is pointing into the stack for thread: 0x0000000b0bbbf800
x26=0x0000000127764448 is pointing into metadata
x27=0x0 is null
x28=0x0000000b0bbbf800 is a thread
 fp=0x0000000176216330 is pointing into the stack for thread: 0x0000000b0bbbf800
 lr=0x0000000138fa391c: _ZN12_GLOBAL__N_19FindClassEP7JNIEnv_PKc+0x29c in /Users/sahilkashyap/AndroidStudioProjects/Zillit/desktopApp/build/compose/binaries/main/app/Zillit.app/Contents/runtime/Contents/Home/lib/libjcef.dylib at 0x0000000138f64000
 sp=0x00000001762162b0 is pointing into the stack for thread: 0x0000000b0bbbf800

Top of Stack: (sp=0x00000001762162b0)
0x00000001762162b0:   0000000000000102 0000000b06343c10   .........<4.....
0x00000001762162c0:   0000000b061b9da0 0000000176216301   .........c!v....
0x00000001762162d0:   2e6665632e67726f 6974746553666543   org.cef.CefSetti
0x00000001762162e0:   130000010073676e 0000000b0bbbf800   ngs.............
0x00000001762162f0:   0000000127764448 0000000176216368   HDv'....hc!v....
0x0000000176216300:   0000000176216728 0000000176216370   (g!v....pc!v....
0x0000000176216310:   0000000176216718 0000000000000000   .g!v............
0x0000000176216320:   0000000176216590 0000000b0bbbfbc0   .e!v............
0x0000000176216330:   0000000176216350 0000000138fa3c10   Pc!v.....<.8....
0x0000000176216340:   0000000b0bbbfbc0 0000000176216720   ........ g!v....
0x0000000176216350:   0000000176216630 0000000138f9b26c   0f!v....l..8....
0x0000000176216360:   0000000000000000 00000000000001b8   ................
0x0000000176216370:   0000000000000000 0000000000000000   ................
0x0000000176216380:   0000000000000000 0000000000000000   ................
0x0000000176216390:   0000000000000000 0000000000000000   ................
0x00000001762163a0:   0000000000000000 0000000000000000   ................
0x00000001762163b0:   0000000000000000 0000000000000000   ................
0x00000001762163c0:   0000000000000000 0000000000000000   ................
0x00000001762163d0:   0000000000000000 0000000000000000   ................
0x00000001762163e0:   0000000000000000 0000000000000000   ................
0x00000001762163f0:   0000000000000000 0000000000000000   ................
0x0000000176216400:   0000000000000000 0000000000000000   ................
0x0000000176216410:   0000000000000000 0000000000000000   ................
0x0000000176216420:   0000000000000000 0000000000000000   ................
0x0000000176216430:   0000000000000000 0000000000000000   ................
0x0000000176216440:   0000000000000000 0000000000000000   ................
0x0000000176216450:   0000000000000000 0000000000000000   ................
0x0000000176216460:   0000000000000000 0000000000000000   ................
0x0000000176216470:   0000000000000000 0000000000000000   ................
0x0000000176216480:   0000000000000000 0000000000000000   ................
0x0000000176216490:   0000000000000000 0000000000000000   ................
0x00000001762164a0:   0000000000000000 0000000000000000   ................

Instructions: (pc=0x0000000138fa3918)
0x0000000138fa3818:   00 40 37 91 8d db 01 94 68 04 00 d0 08 05 41 f9
0x0000000138fa3828:   9f 02 08 eb a0 14 00 54 68 04 00 d0 08 41 08 91
0x0000000138fa3838:   16 85 40 f8 df 02 08 eb 00 03 00 54 75 04 00 d0
0x0000000138fa3848:   b5 62 08 91 04 00 00 14 f6 03 08 aa 1f 01 15 eb
0x0000000138fa3858:   40 02 00 54 c1 1e 40 f9 68 02 40 f9 08 59 40 f9
0x0000000138fa3868:   e0 03 13 aa 00 01 3f d6 c9 06 40 f9 a9 00 00 b4
0x0000000138fa3878:   e8 03 09 aa 29 01 40 f9 c9 ff ff b5 f3 ff ff 17
0x0000000138fa3888:   c8 0a 40 f9 09 01 40 f9 3f 01 16 eb f6 03 08 aa
0x0000000138fa3898:   81 ff ff 54 ed ff ff 17 75 04 00 d0 b5 22 08 91
0x0000000138fa38a8:   f6 03 15 aa c1 0e 41 f8 a0 22 00 91 bb 0d 00 94
0x0000000138fa38b8:   bf 0e 00 f9 df 02 00 f9 b4 5a 00 a9 ff 0b 00 f9
0x0000000138fa38c8:   ff 63 00 39 e8 df 40 39 16 1d 00 13 e9 17 40 f9
0x0000000138fa38d8:   df 02 00 71 35 b1 88 9a f5 01 00 b4 00 03 80 52
0x0000000138fa38e8:   78 db 01 94 e2 03 00 aa e0 0b 00 f9 1f fc 00 a9
0x0000000138fa38f8:   1f 00 00 f9 28 00 80 52 e8 63 00 39 e8 13 40 f9
0x0000000138fa3908:   df 02 00 71 e9 83 00 91 00 b1 89 9a e1 03 15 aa
0x0000000138fa3918:   95 d9 01 94 e1 43 00 91 e0 03 13 aa 68 12 00 94
0x0000000138fa3928:   f5 03 00 aa e0 0b 40 f9 e0 00 00 b4 e8 63 40 39
0x0000000138fa3938:   a8 00 00 34 74 d9 01 94 e0 0b 40 f9 40 00 00 b4
0x0000000138fa3948:   5a db 01 94 16 00 80 d2 73 05 00 b4 54 05 00 b4
0x0000000138fa3958:   68 02 40 f9 08 7d 40 f9 e0 03 13 aa e1 03 14 aa
0x0000000138fa3968:   00 01 3f d6 f7 03 00 aa 68 02 40 f9 08 85 40 f9
0x0000000138fa3978:   c2 03 00 d0 42 14 3e 91 c3 03 00 d0 63 3c 3e 91
0x0000000138fa3988:   e0 03 13 aa e1 03 17 aa 00 01 3f d6 e0 11 00 b4
0x0000000138fa3998:   e2 03 00 aa f5 03 00 f9 e0 03 13 aa e1 03 14 aa
0x0000000138fa39a8:   42 7e ff 97 f6 03 00 aa 68 02 40 f9 08 3d 40 f9
0x0000000138fa39b8:   e0 03 13 aa 00 01 3f d6 20 01 00 b4 68 02 40 f9
0x0000000138fa39c8:   08 41 40 f9 e0 03 13 aa 00 01 3f d6 68 02 40 f9
0x0000000138fa39d8:   08 45 40 f9 e0 03 13 aa 00 01 3f d6 d7 00 00 b4
0x0000000138fa39e8:   68 02 40 f9 08 5d 40 f9 e0 03 13 aa e1 03 17 aa
0x0000000138fa39f8:   00 01 3f d6 68 02 40 f9 08 55 40 f9 e0 03 13 aa
0x0000000138fa3a08:   e1 03 16 aa 00 01 3f d6 f4 03 00 aa e8 83 00 91


Stack slot to memory mapping:

stack at sp + 0 slots: 0x0000000000000102 is an unknown value
stack at sp + 1 slots: 0x0000000b06343c10 points into unknown readable memory: 0x000000010b660540 | 40 05 66 0b 01 00 00 00
stack at sp + 2 slots: 0x0000000b061b9da0 points into unknown readable memory: 0x0000000000000000 | 00 00 00 00 00 00 00 00
stack at sp + 3 slots: 0x0000000176216301 is pointing into the stack for thread: 0x0000000b0bbbf800
stack at sp + 4 slots: 0x2e6665632e67726f is an unknown value
stack at sp + 5 slots: 0x6974746553666543 is an unknown value
stack at sp + 6 slots: 0x130000010073676e is an unknown value
stack at sp + 7 slots: 0x0000000b0bbbf800 is a thread


---------------  P R O C E S S  ---------------

Threads class SMR info:
_java_thread_list=0x0000000b05d3d640, length=37, elements={
0x000000010125c1a0, 0x0000000101271a20, 0x0000000b0b1b0000, 0x0000000b0b1b0700,
0x0000000b0b1b0e00, 0x0000000b0b1b1500, 0x0000000b0b1b1c00, 0x00000001012724a0,
0x0000000101272ca0, 0x0000000b0b1b2300, 0x0000000b0b346a00, 0x0000000b0b347100,
0x0000000b0b347800, 0x0000000b0bafc000, 0x0000000b0baff100, 0x0000000b0baff800,
0x0000000b0bbbc000, 0x0000000b0bbbce00, 0x0000000b0bbbd500, 0x0000000b0bbbea00,
0x0000000b0beb3100, 0x0000000b0beb3800, 0x0000000b0b448000, 0x0000000b0b448700,
0x0000000b0b448e00, 0x0000000b0c0c0000, 0x0000000b0c2c8000, 0x0000000b0c4ab100,
0x0000000b0c815c00, 0x0000000b0caff800, 0x0000000b0b4e4000, 0x0000000b0cc2c700,
0x0000000b0cc2ce00, 0x0000000b0cc2d500, 0x0000000b0cc2dc00, 0x0000000b0cc2ea00,
0x0000000b0bbbf800
}

Java Threads: ( => current thread )
  0x000000010125c1a0 JavaThread "main"                              [_thread_blocked, id=6147, stack(0x000000016f3dc000,0x000000016f5df000) (2060K)]
  0x0000000101271a20 JavaThread "Common-Cleaner"             daemon [_thread_blocked, id=28931, stack(0x0000000170554000,0x0000000170757000) (2060K)]
  0x0000000b0b1b0000 JavaThread "Reference Handler"          daemon [_thread_blocked, id=28419, stack(0x0000000170760000,0x0000000170963000) (2060K)]
  0x0000000b0b1b0700 JavaThread "Finalizer"                  daemon [_thread_blocked, id=27907, stack(0x000000017096c000,0x0000000170b6f000) (2060K)]
  0x0000000b0b1b0e00 JavaThread "Signal Dispatcher"          daemon [_thread_blocked, id=23555, stack(0x0000000170b78000,0x0000000170d7b000) (2060K)]
  0x0000000b0b1b1500 JavaThread "Service Thread"             daemon [_thread_blocked, id=24067, stack(0x0000000170d84000,0x0000000170f87000) (2060K)]
  0x0000000b0b1b1c00 JavaThread "Monitor Deflation Thread"   daemon [_thread_blocked, id=24323, stack(0x0000000170f90000,0x0000000171193000) (2060K)]
  0x00000001012724a0 JavaThread "C2 CompilerThread0"         daemon [_thread_blocked, id=24835, stack(0x000000017119c000,0x000000017139f000) (2060K)]
  0x0000000101272ca0 JavaThread "C1 CompilerThread0"         daemon [_thread_blocked, id=25347, stack(0x00000001713a8000,0x00000001715ab000) (2060K)]
  0x0000000b0b1b2300 JavaThread "Notification Thread"        daemon [_thread_blocked, id=27139, stack(0x00000001715b4000,0x00000001717b7000) (2060K)]
  0x0000000b0b346a00 JavaThread "AWT-AppKit"                 daemon [_thread_in_native, id=259, stack(0x000000016eb54000,0x000000016f350000) (8176K)]
  0x0000000b0b347100 JavaThread "AWT-Shutdown"                      [_thread_blocked, id=58883, stack(0x0000000171964000,0x0000000171b67000) (2060K)]
  0x0000000b0b347800 JavaThread "Java2D Disposer"            daemon [_thread_blocked, id=82203, stack(0x0000000171b70000,0x0000000171d73000) (2060K)]
  0x0000000b0bafc000 JavaThread "Java2D Queue Flusher"       daemon [_thread_blocked, id=82471, stack(0x0000000171d7c000,0x0000000171f7f000) (2060K)]
  0x0000000b0baff100 JavaThread "DefaultDispatcher-worker-1" daemon [_thread_blocked, id=75283, stack(0x0000000171f88000,0x000000017218b000) (2060K)]
  0x0000000b0baff800 JavaThread "DefaultDispatcher-worker-2" daemon [_thread_blocked, id=75523, stack(0x0000000172194000,0x0000000172397000) (2060K)]
  0x0000000b0bbbc000 JavaThread "DefaultDispatcher-worker-3" daemon [_thread_blocked, id=79363, stack(0x00000001723a0000,0x00000001725a3000) (2060K)]
  0x0000000b0bbbce00 JavaThread "Reference Cleaner"          daemon [_thread_blocked, id=87555, stack(0x0000000173400000,0x0000000173603000) (2060K)]
  0x0000000b0bbbd500 JavaThread "kotlinx.coroutines.DefaultExecutor" daemon [_thread_blocked, id=87811, stack(0x000000017360c000,0x000000017380f000) (2060K)]
  0x0000000b0bbbea00 JavaThread "AWT-EventQueue-0"                  [_thread_blocked, id=88323, stack(0x0000000173818000,0x0000000173a1b000) (2060K)]
  0x0000000b0beb3100 JavaThread "DefaultDispatcher-worker-4" daemon [_thread_blocked, id=126987, stack(0x0000000173c30000,0x0000000173e33000) (2060K)]
  0x0000000b0beb3800 JavaThread "DefaultDispatcher-worker-5" daemon [_thread_blocked, id=22867, stack(0x0000000173e3c000,0x000000017403f000) (2060K)]
  0x0000000b0b448000 JavaThread "DefaultDispatcher-worker-6" daemon [_thread_blocked, id=93643, stack(0x0000000174048000,0x000000017424b000) (2060K)]
  0x0000000b0b448700 JavaThread "DefaultDispatcher-worker-7" daemon [_thread_blocked, id=94211, stack(0x0000000174254000,0x0000000174457000) (2060K)]
  0x0000000b0b448e00 JavaThread "DefaultDispatcher-worker-8" daemon [_thread_in_vm, id=126467, stack(0x0000000174460000,0x0000000174663000) (2060K)]
  0x0000000b0c0c0000 JavaThread "TimerQueue"                 daemon [_thread_blocked, id=94467, stack(0x000000017466c000,0x000000017486f000) (2060K)]
  0x0000000b0c2c8000 JavaThread "AWTThreading pool-1-thread-1" daemon [_thread_blocked, id=124179, stack(0x0000000174878000,0x0000000174a7b000) (2060K)]
  0x0000000b0c4ab100 JavaThread "skiko-dispatcher-to-block-on" daemon [_thread_blocked, id=121891, stack(0x0000000174b10000,0x0000000174d13000) (2060K)]
  0x0000000b0c815c00 JavaThread "skiko-dispatcher-to-block-on" daemon [_thread_blocked, id=119579, stack(0x0000000174da8000,0x0000000174fab000) (2060K)]
  0x0000000b0caff800 JavaThread "OkHttp https://projectapi-dev.zillit.com/..."        [_thread_blocked, id=102187, stack(0x0000000174fb4000,0x00000001751b7000) (2060K)]
  0x0000000b0b4e4000 JavaThread "OkHttp https://projectapi-dev.zillit.com/..."        [_thread_blocked, id=115203, stack(0x00000001751c0000,0x00000001753c3000) (2060K)]
  0x0000000b0cc2c700 JavaThread "OkHttp TaskRunner"          daemon [_thread_blocked, id=113671, stack(0x00000001753cc000,0x00000001755cf000) (2060K)]
  0x0000000b0cc2ce00 JavaThread "OkHttp TaskRunner"          daemon [_thread_blocked, id=113155, stack(0x00000001755d8000,0x00000001757db000) (2060K)]
  0x0000000b0cc2d500 JavaThread "OkHttp projectapi-dev.zillit.com" daemon [_thread_in_native, id=114447, stack(0x00000001757e4000,0x00000001759e7000) (2060K)]
  0x0000000b0cc2dc00 JavaThread "OkHttp ConnectionPool connection closer" daemon [_thread_blocked, id=104747, stack(0x00000001759f0000,0x0000000175bf3000) (2060K)]
  0x0000000b0cc2ea00 JavaThread "Okio Watchdog"              daemon [_thread_blocked, id=112531, stack(0x0000000175bfc000,0x0000000175dff000) (2060K)]
=>0x0000000b0bbbf800 JavaThread "CefInitialize-thread"       daemon [_thread_in_native, id=111875, stack(0x0000000176014000,0x0000000176217000) (2060K)]
Total: 37

Other Threads:
  0x0000000b0ad19400 VMThread "VM Thread"                           [id=19459, stack(0x0000000170230000,0x0000000170433000) (2060K)]
  0x0000000101266f60 WatcherThread "VM Periodic Task Thread"        [id=20739, stack(0x0000000170024000,0x0000000170227000) (2060K)]
  0x0000000101260e00 WorkerThread "GC Thread#0"                     [id=12291, stack(0x000000016f5e8000,0x000000016f7eb000) (2060K)]
  0x0000000b080f4400 WorkerThread "GC Thread#1"                     [id=76035, stack(0x00000001725ac000,0x00000001727af000) (2060K)]
  0x0000000b080f4800 WorkerThread "GC Thread#2"                     [id=79107, stack(0x00000001727b8000,0x00000001729bb000) (2060K)]
  0x0000000b080f4c00 WorkerThread "GC Thread#3"                     [id=78595, stack(0x00000001729c4000,0x0000000172bc7000) (2060K)]
  0x0000000b080f5400 WorkerThread "GC Thread#4"                     [id=78339, stack(0x0000000172bd0000,0x0000000172dd3000) (2060K)]
  0x0000000b080f5800 WorkerThread "GC Thread#5"                     [id=76803, stack(0x0000000172ddc000,0x0000000172fdf000) (2060K)]
  0x0000000b080f5c00 WorkerThread "GC Thread#6"                     [id=77059, stack(0x0000000172fe8000,0x00000001731eb000) (2060K)]
  0x0000000b080f6400 WorkerThread "GC Thread#7"                     [id=77571, stack(0x00000001731f4000,0x00000001733f7000) (2060K)]
  0x0000000101261720 ConcurrentGCThread "G1 Main Marker"            [id=14339, stack(0x000000016f7f4000,0x000000016f9f7000) (2060K)]
  0x00000001012621c0 WorkerThread "G1 Conc#0"                       [id=12803, stack(0x000000016fa00000,0x000000016fc03000) (2060K)]
  0x0000000b08265800 WorkerThread "G1 Conc#1"                       [id=130571, stack(0x0000000173a24000,0x0000000173c27000) (2060K)]
  0x0000000b0acc4a00 ConcurrentGCThread "G1 Refine#0"               [id=13315, stack(0x000000016fc0c000,0x000000016fe0f000) (2060K)]
  0x0000000b0ad18000 ConcurrentGCThread "G1 Service"                [id=21507, stack(0x000000016fe18000,0x000000017001b000) (2060K)]
Total: 15

Threads with active compile tasks:
Total: 0

VM state: not at safepoint (normal execution)

VM Mutex/Monitor currently owned by a thread: None

Heap address: 0x0000000780000000, size: 2048 MB, Compressed Oops mode: Zero based, Oop shift amount: 3

CDS archive(s) not mapped
Compressed class space mapped at: 0x0000000400000000-0x0000000440000000, reserved size: 1073741824
Narrow klass base: 0x0000000000000000, Narrow klass shift: 3, Narrow klass range: 0x440000000

GC Precious Log:
 CardTable entry size: 512
 Card Set container configuration: InlinePtr #cards 5 size 8 Array Of Cards #cards 12 size 40 Howl #buckets 4 coarsen threshold 1843 Howl Bitmap #cards 512 size 80 coarsen threshold 460 Card regions per heap region 1 cards per card region 2048
 CPUs: 8 total, 8 available
 Memory: 8192M
 Large Page Support: Disabled
 NUMA Support: Disabled
 Compressed Oops: Enabled (Zero based)
 Heap Region Size: 1M
 Heap Min Capacity: 8M
 Heap Initial Capacity: 128M
 Heap Max Capacity: 2G
 Pre-touch: Disabled
 Parallel Workers: 8
 Concurrent Workers: 2
 Concurrent Refinement Workers: 8
 Periodic GC: Disabled

Heap:
 garbage-first heap   total 55296K, used 20635K [0x0000000780000000, 0x0000000800000000)
  region size 1024K, 9 young (9216K), 2 survivors (2048K)
 Metaspace       used 63383K, committed 63936K, reserved 1114112K
  class space    used 6879K, committed 7104K, reserved 1048576K

Heap Regions: E=young(eden), S=young(survivor), O=old, HS=humongous(starts), HC=humongous(continues), CS=collection set, F=free, TAMS=top-at-mark-start, PB=parsable bottom
|   0|0x0000000780000000, 0x0000000780100000, 0x0000000780100000|100%| O|  |TAMS 0x0000000780000000| PB 0x0000000780000000| Untracked 
|   1|0x0000000780100000, 0x0000000780200000, 0x0000000780200000|100%| O|  |TAMS 0x0000000780100000| PB 0x0000000780100000| Untracked 
|   2|0x0000000780200000, 0x0000000780300000, 0x0000000780300000|100%| O|  |TAMS 0x0000000780200000| PB 0x0000000780200000| Untracked 
|   3|0x0000000780300000, 0x0000000780400000, 0x0000000780400000|100%| O|  |TAMS 0x0000000780300000| PB 0x0000000780300000| Untracked 
|   4|0x0000000780400000, 0x0000000780500000, 0x0000000780500000|100%| O|  |TAMS 0x0000000780400000| PB 0x0000000780400000| Untracked 
|   5|0x0000000780500000, 0x0000000780600000, 0x0000000780600000|100%| O|  |TAMS 0x0000000780500000| PB 0x0000000780500000| Untracked 
|   6|0x0000000780600000, 0x0000000780700000, 0x0000000780700000|100%| O|  |TAMS 0x0000000780600000| PB 0x0000000780600000| Untracked 
|   7|0x0000000780700000, 0x0000000780800000, 0x0000000780800000|100%| O|  |TAMS 0x0000000780700000| PB 0x0000000780700000| Untracked 
|   8|0x0000000780800000, 0x0000000780900000, 0x0000000780900000|100%| O|  |TAMS 0x0000000780800000| PB 0x0000000780800000| Untracked 
|   9|0x0000000780900000, 0x0000000780a00000, 0x0000000780a00000|100%| O|  |TAMS 0x0000000780900000| PB 0x0000000780900000| Untracked 
|  10|0x0000000780a00000, 0x0000000780b00000, 0x0000000780b00000|100%| O|  |TAMS 0x0000000780a00000| PB 0x0000000780a00000| Untracked 
|  11|0x0000000780b00000, 0x0000000780c00000, 0x0000000780c00000|100%| O|  |TAMS 0x0000000780b00000| PB 0x0000000780b00000| Untracked 
|  12|0x0000000780c00000, 0x0000000780c4de00, 0x0000000780d00000| 30%| O|Cm|TAMS 0x0000000780c00000| PB 0x0000000780c00000| Complete 
|  13|0x0000000780d00000, 0x0000000780d00000, 0x0000000780e00000|  0%| F|  |TAMS 0x0000000780d00000| PB 0x0000000780d00000| Untracked 
|  14|0x0000000780e00000, 0x0000000780e00000, 0x0000000780f00000|  0%| F|  |TAMS 0x0000000780e00000| PB 0x0000000780e00000| Untracked 
|  15|0x0000000780f00000, 0x0000000780f00000, 0x0000000781000000|  0%| F|  |TAMS 0x0000000780f00000| PB 0x0000000780f00000| Untracked 
|  16|0x0000000781000000, 0x0000000781000000, 0x0000000781100000|  0%| F|  |TAMS 0x0000000781000000| PB 0x0000000781000000| Untracked 
|  17|0x0000000781100000, 0x0000000781100000, 0x0000000781200000|  0%| F|  |TAMS 0x0000000781100000| PB 0x0000000781100000| Untracked 
|  18|0x0000000781200000, 0x0000000781200000, 0x0000000781300000|  0%| F|  |TAMS 0x0000000781200000| PB 0x0000000781200000| Untracked 
|  19|0x0000000781300000, 0x0000000781300000, 0x0000000781400000|  0%| F|  |TAMS 0x0000000781300000| PB 0x0000000781300000| Untracked 
|  20|0x0000000781400000, 0x0000000781400000, 0x0000000781500000|  0%| F|  |TAMS 0x0000000781400000| PB 0x0000000781400000| Untracked 
|  21|0x0000000781500000, 0x0000000781500000, 0x0000000781600000|  0%| F|  |TAMS 0x0000000781500000| PB 0x0000000781500000| Untracked 
|  22|0x0000000781600000, 0x0000000781600000, 0x0000000781700000|  0%| F|  |TAMS 0x0000000781600000| PB 0x0000000781600000| Untracked 
|  23|0x0000000781700000, 0x0000000781700000, 0x0000000781800000|  0%| F|  |TAMS 0x0000000781700000| PB 0x0000000781700000| Untracked 
|  24|0x0000000781800000, 0x0000000781800000, 0x0000000781900000|  0%| F|  |TAMS 0x0000000781800000| PB 0x0000000781800000| Untracked 
|  25|0x0000000781900000, 0x0000000781900000, 0x0000000781a00000|  0%| F|  |TAMS 0x0000000781900000| PB 0x0000000781900000| Untracked 
|  26|0x0000000781a00000, 0x0000000781a00000, 0x0000000781b00000|  0%| F|  |TAMS 0x0000000781a00000| PB 0x0000000781a00000| Untracked 
|  27|0x0000000781b00000, 0x0000000781b00000, 0x0000000781c00000|  0%| F|  |TAMS 0x0000000781b00000| PB 0x0000000781b00000| Untracked 
|  28|0x0000000781c00000, 0x0000000781c00000, 0x0000000781d00000|  0%| F|  |TAMS 0x0000000781c00000| PB 0x0000000781c00000| Untracked 
|  29|0x0000000781d00000, 0x0000000781d00000, 0x0000000781e00000|  0%| F|  |TAMS 0x0000000781d00000| PB 0x0000000781d00000| Untracked 
|  30|0x0000000781e00000, 0x0000000781e00000, 0x0000000781f00000|  0%| F|  |TAMS 0x0000000781e00000| PB 0x0000000781e00000| Untracked 
|  31|0x0000000781f00000, 0x0000000781f00000, 0x0000000782000000|  0%| F|  |TAMS 0x0000000781f00000| PB 0x0000000781f00000| Untracked 
|  32|0x0000000782000000, 0x0000000782000000, 0x0000000782100000|  0%| F|  |TAMS 0x0000000782000000| PB 0x0000000782000000| Untracked 
|  33|0x0000000782100000, 0x0000000782100000, 0x0000000782200000|  0%| F|  |TAMS 0x0000000782100000| PB 0x0000000782100000| Untracked 
|  34|0x0000000782200000, 0x0000000782200000, 0x0000000782300000|  0%| F|  |TAMS 0x0000000782200000| PB 0x0000000782200000| Untracked 
|  35|0x0000000782300000, 0x0000000782300000, 0x0000000782400000|  0%| F|  |TAMS 0x0000000782300000| PB 0x0000000782300000| Untracked 
|  36|0x0000000782400000, 0x0000000782400000, 0x0000000782500000|  0%| F|  |TAMS 0x0000000782400000| PB 0x0000000782400000| Untracked 
|  37|0x0000000782500000, 0x0000000782500000, 0x0000000782600000|  0%| F|  |TAMS 0x0000000782500000| PB 0x0000000782500000| Untracked 
|  38|0x0000000782600000, 0x0000000782600000, 0x0000000782700000|  0%| F|  |TAMS 0x0000000782600000| PB 0x0000000782600000| Untracked 
|  39|0x0000000782700000, 0x0000000782700000, 0x0000000782800000|  0%| F|  |TAMS 0x0000000782700000| PB 0x0000000782700000| Untracked 
|  40|0x0000000782800000, 0x0000000782800000, 0x0000000782900000|  0%| F|  |TAMS 0x0000000782800000| PB 0x0000000782800000| Untracked 
|  41|0x0000000782900000, 0x0000000782900000, 0x0000000782a00000|  0%| F|  |TAMS 0x0000000782900000| PB 0x0000000782900000| Untracked 
|  42|0x0000000782a00000, 0x0000000782a00000, 0x0000000782b00000|  0%| F|  |TAMS 0x0000000782a00000| PB 0x0000000782a00000| Untracked 
|  43|0x0000000782b00000, 0x0000000782b00000, 0x0000000782c00000|  0%| F|  |TAMS 0x0000000782b00000| PB 0x0000000782b00000| Untracked 
|  44|0x0000000782c00000, 0x0000000782cfd150, 0x0000000782d00000| 98%| E|  |TAMS 0x0000000782c00000| PB 0x0000000782c00000| Complete 
|  45|0x0000000782d00000, 0x0000000782e00000, 0x0000000782e00000|100%| E|CS|TAMS 0x0000000782d00000| PB 0x0000000782d00000| Complete 
|  46|0x0000000782e00000, 0x0000000782f00000, 0x0000000782f00000|100%| E|CS|TAMS 0x0000000782e00000| PB 0x0000000782e00000| Complete 
|  47|0x0000000782f00000, 0x0000000783000000, 0x0000000783000000|100%| E|CS|TAMS 0x0000000782f00000| PB 0x0000000782f00000| Complete 
|  48|0x0000000783000000, 0x0000000783100000, 0x0000000783100000|100%| E|CS|TAMS 0x0000000783000000| PB 0x0000000783000000| Complete 
|  49|0x0000000783100000, 0x0000000783200000, 0x0000000783200000|100%| E|  |TAMS 0x0000000783100000| PB 0x0000000783100000| Complete 
|  58|0x0000000783a00000, 0x0000000783ad8ef0, 0x0000000783b00000| 84%| S|CS|TAMS 0x0000000783a00000| PB 0x0000000783a00000| Complete 
|  59|0x0000000783b00000, 0x0000000783c00000, 0x0000000783c00000|100%| S|CS|TAMS 0x0000000783b00000| PB 0x0000000783b00000| Complete 
| 127|0x0000000787f00000, 0x0000000788000000, 0x0000000788000000|100%| E|CS|TAMS 0x0000000787f00000| PB 0x0000000787f00000| Complete 
|2047|0x00000007fff00000, 0x0000000800000000, 0x0000000800000000|100%| O|  |TAMS 0x00000007fff00000| PB 0x00000007fff00000| Untracked 

Card table byte_map: [0x0000000109c00000,0x000000010a000000] _byte_map_base: 0x0000000106000000

Marking Bits: (CMBitMap*) 0x0000000b0acc4510
 Bits: [0x000000011f78c000, 0x000000012178c000)

Polling page: 0x0000000100af8000

Metaspace:

Usage:
  Non-class:     55.21 MB used.
      Class:      6.73 MB used.
       Both:     61.93 MB used.

Virtual space:
  Non-class space:       64.00 MB reserved,      55.50 MB ( 87%) committed,  1 nodes.
      Class space:        1.00 GB reserved,       7.00 MB ( <1%) committed,  1 nodes.
             Both:        1.06 GB reserved,      62.50 MB (  6%) committed. 

Chunk freelists:
   Non-Class:  8.31 MB
       Class:  8.98 MB
        Both:  17.30 MB

MaxMetaspaceSize: unlimited
CompressedClassSpaceSize: 1.00 GB
Initial GC threshold: 21.00 MB
Current GC threshold: 98.56 MB
CDS: off
 - commit_granule_bytes: 65536.
 - commit_granule_words: 8192.
 - virtual_space_node_default_size: 8388608.
 - enlarge_chunks_in_place: 1.
 - use_allocation_guard: 0.


Internal statistics:

num_allocs_failed_limit: 9.
num_arena_births: 766.
num_arena_deaths: 0.
num_vsnodes_births: 2.
num_vsnodes_deaths: 0.
num_space_committed: 1000.
num_space_uncommitted: 0.
num_chunks_returned_to_freelist: 9.
num_chunks_taken_from_freelist: 2406.
num_chunk_merges: 6.
num_chunk_splits: 1728.
num_chunks_enlarged: 1341.
num_inconsistent_stats: 0.

CodeHeap 'non-profiled nmethods': size=120032Kb used=1765Kb max_used=1765Kb free=118266Kb
 bounds [0x0000000118254000, 0x00000001184c4000, 0x000000011f78c000]
CodeHeap 'profiled nmethods': size=120016Kb used=6334Kb max_used=6334Kb free=113681Kb
 bounds [0x000000011078c000, 0x0000000110dbc000, 0x0000000117cc0000]
CodeHeap 'non-nmethods': size=5712Kb used=2605Kb max_used=2665Kb free=3106Kb
 bounds [0x0000000117cc0000, 0x0000000117f60000, 0x0000000118254000]
CodeCache: size=245760Kb, used=10704Kb, max_used=10764Kb, free=235053Kb
 total_blobs=5563, nmethods=3724, adapters=1747, full_count=0
Compilation: enabled, stopped_count=0, restarted_count=0

Compilation events (20 events):
Event: 103.424 Thread 0x0000000101272ca0 4038       3       java.util.Optional::<init> (10 bytes)
Event: 103.424 Thread 0x0000000101272ca0 nmethod 4038 0x0000000110db2c90 code [0x0000000110db2e40, 0x0000000110db3008]
Event: 103.424 Thread 0x0000000101272ca0 4040       1       java.nio.DirectByteBuffer::attachment (5 bytes)
Event: 103.424 Thread 0x0000000101272ca0 nmethod 4040 0x0000000118406410 code [0x0000000118406580, 0x0000000118406628]
Event: 103.424 Thread 0x0000000101272ca0 4041       3       java.lang.invoke.VarHandleReferences$FieldInstanceReadWrite::compareAndSet (48 bytes)
Event: 103.425 Thread 0x0000000101272ca0 nmethod 4041 0x0000000110db3110 code [0x0000000110db33c0, 0x0000000110db3d68]
Event: 103.427 Thread 0x0000000101272ca0 4043       1       java.nio.MappedByteBuffer::fileDescriptor (5 bytes)
Event: 103.427 Thread 0x0000000101272ca0 nmethod 4043 0x0000000118406710 code [0x0000000118406880, 0x0000000118406928]
Event: 103.427 Thread 0x0000000101272ca0 4044       1       java.nio.MappedByteBuffer::isSync (5 bytes)
Event: 103.427 Thread 0x0000000101272ca0 nmethod 4044 0x0000000118406a10 code [0x0000000118406b80, 0x0000000118406c28]
Event: 103.427 Thread 0x0000000101272ca0 4045       1       jdk.internal.loader.BuiltinClassLoader$LoadedModule::mref (5 bytes)
Event: 103.427 Thread 0x0000000101272ca0 nmethod 4045 0x0000000118407210 code [0x0000000118407380, 0x0000000118407428]
Event: 103.427 Thread 0x0000000101272ca0 4046       1       java.nio.DirectByteBufferR::isDirect (2 bytes)
Event: 103.427 Thread 0x0000000101272ca0 nmethod 4046 0x0000000118407510 code [0x0000000118407680, 0x0000000118407758]
Event: 103.428 Thread 0x00000001012724a0 nmethod 4015 0x0000000118407810 code [0x0000000118407d00, 0x000000011840a338]
Event: 103.428 Thread 0x00000001012724a0 4019   !   4       sun.nio.fs.UnixPath::initOffsets (189 bytes)
Event: 103.430 Thread 0x0000000101272ca0 4048       3       jdk.internal.jimage.BasicImageReader::verifyLocation (39 bytes)
Event: 103.430 Thread 0x0000000101272ca0 nmethod 4048 0x0000000110db4190 code [0x0000000110db4380, 0x0000000110db46e8]
Event: 103.430 Thread 0x0000000101272ca0 4049       3       java.lang.ThreadLocal$ThreadLocalMap::nextIndex (15 bytes)
Event: 103.430 Thread 0x0000000101272ca0 nmethod 4049 0x0000000110db4810 code [0x0000000110db49c0, 0x0000000110db4b08]

GC Heap History (20 events):
Event: 0.450 GC heap before
{Heap before GC invocations=0 (full 0):
 garbage-first heap   total 131072K, used 23552K [0x0000000780000000, 0x0000000800000000)
  region size 1024K, 23 young (23552K), 0 survivors (0K)
 Metaspace       used 16515K, committed 16704K, reserved 1114112K
  class space    used 1634K, committed 1728K, reserved 1048576K
}
Event: 0.452 GC heap after
{Heap after GC invocations=1 (full 0):
 garbage-first heap   total 131072K, used 5936K [0x0000000780000000, 0x0000000800000000)
  region size 1024K, 3 young (3072K), 3 survivors (3072K)
 Metaspace       used 16515K, committed 16704K, reserved 1114112K
  class space    used 1634K, committed 1728K, reserved 1048576K
}
Event: 0.532 GC heap before
{Heap before GC invocations=1 (full 0):
 garbage-first heap   total 131072K, used 18224K [0x0000000780000000, 0x0000000800000000)
  region size 1024K, 17 young (17408K), 3 survivors (3072K)
 Metaspace       used 21299K, committed 21504K, reserved 1114112K
  class space    used 2057K, committed 2176K, reserved 1048576K
}
Event: 0.533 GC heap after
{Heap after GC invocations=2 (full 0):
 garbage-first heap   total 131072K, used 6809K [0x0000000780000000, 0x0000000800000000)
  region size 1024K, 1 young (1024K), 1 survivors (1024K)
 Metaspace       used 21299K, committed 21504K, reserved 1114112K
  class space    used 2057K, committed 2176K, reserved 1048576K
}
Event: 30.455 GC heap before
{Heap before GC invocations=3 (full 0):
 garbage-first heap   total 24576K, used 19097K [0x0000000780000000, 0x0000000800000000)
  region size 1024K, 14 young (14336K), 1 survivors (1024K)
 Metaspace       used 24757K, committed 24960K, reserved 1114112K
  class space    used 2482K, committed 2560K, reserved 1048576K
}
Event: 30.457 GC heap after
{Heap after GC invocations=4 (full 0):
 garbage-first heap   total 24576K, used 7250K [0x0000000780000000, 0x0000000800000000)
  region size 1024K, 2 young (2048K), 2 survivors (2048K)
 Metaspace       used 24757K, committed 24960K, reserved 1114112K
  class space    used 2482K, committed 2560K, reserved 1048576K
}
Event: 95.413 GC heap before
{Heap before GC invocations=4 (full 0):
 garbage-first heap   total 24576K, used 19538K [0x0000000780000000, 0x0000000800000000)
  region size 1024K, 14 young (14336K), 2 survivors (2048K)
 Metaspace       used 29073K, committed 29312K, reserved 1114112K
  class space    used 2950K, committed 3072K, reserved 1048576K
}
Event: 95.414 GC heap after
{Heap after GC invocations=5 (full 0):
 garbage-first heap   total 24576K, used 7905K [0x0000000780000000, 0x0000000800000000)
  region size 1024K, 2 young (2048K), 2 survivors (2048K)
 Metaspace       used 29073K, committed 29312K, reserved 1114112K
  class space    used 2950K, committed 3072K, reserved 1048576K
}
Event: 95.465 GC heap before
{Heap before GC invocations=5 (full 0):
 garbage-first heap   total 24576K, used 19169K [0x0000000780000000, 0x0000000800000000)
  region size 1024K, 14 young (14336K), 2 survivors (2048K)
 Metaspace       used 32380K, committed 32640K, reserved 1114112K
  class space    used 3278K, committed 3392K, reserved 1048576K
}
Event: 95.466 GC heap after
{Heap after GC invocations=6 (full 0):
 garbage-first heap   total 24576K, used 8403K [0x0000000780000000, 0x0000000800000000)
  region size 1024K, 2 young (2048K), 2 survivors (2048K)
 Metaspace       used 32380K, committed 32640K, reserved 1114112K
  class space    used 3278K, committed 3392K, reserved 1048576K
}
Event: 95.526 GC heap before
{Heap before GC invocations=6 (full 0):
 garbage-first heap   total 24576K, used 17619K [0x0000000780000000, 0x0000000800000000)
  region size 1024K, 13 young (13312K), 2 survivors (2048K)
 Metaspace       used 35812K, committed 36096K, reserved 1114112K
  class space    used 3582K, committed 3712K, reserved 1048576K
}
Event: 95.527 GC heap after
{Heap after GC invocations=7 (full 0):
 garbage-first heap   total 24576K, used 8711K [0x0000000780000000, 0x0000000800000000)
  region size 1024K, 1 young (1024K), 1 survivors (1024K)
 Metaspace       used 35812K, committed 36096K, reserved 1114112K
  class space    used 3582K, committed 3712K, reserved 1048576K
}
Event: 95.638 GC heap before
{Heap before GC invocations=8 (full 0):
 garbage-first heap   total 24576K, used 19975K [0x0000000780000000, 0x0000000800000000)
  region size 1024K, 13 young (13312K), 1 survivors (1024K)
 Metaspace       used 39894K, committed 40192K, reserved 1114112K
  class space    used 4112K, committed 4224K, reserved 1048576K
}
Event: 95.639 GC heap after
{Heap after GC invocations=9 (full 0):
 garbage-first heap   total 24576K, used 9480K [0x0000000780000000, 0x0000000800000000)
  region size 1024K, 2 young (2048K), 2 survivors (2048K)
 Metaspace       used 39894K, committed 40192K, reserved 1114112K
  class space    used 4112K, committed 4224K, reserved 1048576K
}
Event: 95.759 GC heap before
{Heap before GC invocations=9 (full 0):
 garbage-first heap   total 24576K, used 20744K [0x0000000780000000, 0x0000000800000000)
  region size 1024K, 13 young (13312K), 2 survivors (2048K)
 Metaspace       used 43471K, committed 43776K, reserved 1114112K
  class space    used 4545K, committed 4672K, reserved 1048576K
}
Event: 95.760 GC heap after
{Heap after GC invocations=10 (full 0):
 garbage-first heap   total 78848K, used 9717K [0x0000000780000000, 0x0000000800000000)
  region size 1024K, 2 young (2048K), 2 survivors (2048K)
 Metaspace       used 43471K, committed 43776K, reserved 1114112K
  class space    used 4545K, committed 4672K, reserved 1048576K
}
Event: 102.439 GC heap before
{Heap before GC invocations=10 (full 0):
 garbage-first heap   total 78848K, used 53749K [0x0000000780000000, 0x0000000800000000)
  region size 1024K, 46 young (47104K), 2 survivors (2048K)
 Metaspace       used 55049K, committed 55488K, reserved 1114112K
  class space    used 5886K, committed 6080K, reserved 1048576K
}
Event: 102.444 GC heap after
{Heap after GC invocations=11 (full 0):
 garbage-first heap   total 78848K, used 14873K [0x0000000780000000, 0x0000000800000000)
  region size 1024K, 6 young (6144K), 6 survivors (6144K)
 Metaspace       used 55049K, committed 55488K, reserved 1114112K
  class space    used 5886K, committed 6080K, reserved 1048576K
}
Event: 102.857 GC heap before
{Heap before GC invocations=11 (full 0):
 garbage-first heap   total 78848K, used 29209K [0x0000000780000000, 0x0000000800000000)
  region size 1024K, 22 young (22528K), 6 survivors (6144K)
 Metaspace       used 59766K, committed 60288K, reserved 1114112K
  class space    used 6415K, committed 6656K, reserved 1048576K
}
Event: 102.860 GC heap after
{Heap after GC invocations=12 (full 0):
 garbage-first heap   total 78848K, used 15515K [0x0000000780000000, 0x0000000800000000)
  region size 1024K, 2 young (2048K), 2 survivors (2048K)
 Metaspace       used 59766K, committed 60288K, reserved 1114112K
  class space    used 6415K, committed 6656K, reserved 1048576K
}

Dll operation events (14 events):
Event: 0.008 Loaded shared library /Users/sahilkashyap/AndroidStudioProjects/Zillit/desktopApp/build/compose/binaries/main/app/Zillit.app/Contents/runtime/Contents/Home/lib/libjava.dylib
Event: 0.057 Loaded shared library /Users/sahilkashyap/AndroidStudioProjects/Zillit/desktopApp/build/compose/binaries/main/app/Zillit.app/Contents/runtime/Contents/Home/lib/libnio.dylib
Event: 0.061 Loaded shared library /Users/sahilkashyap/AndroidStudioProjects/Zillit/desktopApp/build/compose/binaries/main/app/Zillit.app/Contents/runtime/Contents/Home/lib/libzip.dylib
Event: 0.146 Loaded shared library /Users/sahilkashyap/AndroidStudioProjects/Zillit/desktopApp/build/compose/binaries/main/app/Zillit.app/Contents/runtime/Contents/Home/lib/libawt.dylib
Event: 0.150 Loaded shared library /Users/sahilkashyap/AndroidStudioProjects/Zillit/desktopApp/build/compose/binaries/main/app/Zillit.app/Contents/runtime/Contents/Home/lib/libawt_lwawt.dylib
Event: 0.156 Loaded shared library /Users/sahilkashyap/AndroidStudioProjects/Zillit/desktopApp/build/compose/binaries/main/app/Zillit.app/Contents/runtime/Contents/Home/lib/libjimage.dylib
Event: 0.171 Loaded shared library /Users/sahilkashyap/AndroidStudioProjects/Zillit/desktopApp/build/compose/binaries/main/app/Zillit.app/Contents/runtime/Contents/Home/lib/libfontmanager.dylib
Event: 0.346 Loaded shared library /Users/sahilkashyap/AndroidStudioProjects/Zillit/desktopApp/build/compose/binaries/main/app/Zillit.app/Contents/runtime/Contents/Home/lib/libnet.dylib
Event: 0.378 Loaded shared library /Users/sahilkashyap/AndroidStudioProjects/Zillit/desktopApp/build/compose/binaries/main/app/Zillit.app/Contents/runtime/Contents/Home/lib/libosx.dylib
Event: 0.416 Loaded shared library /Users/sahilkashyap/AndroidStudioProjects/Zillit/desktopApp/build/compose/binaries/main/app/Zillit.app/Contents/app/libskiko-macos-arm64.dylib
Event: 0.420 Loaded shared library /Users/sahilkashyap/AndroidStudioProjects/Zillit/desktopApp/build/compose/binaries/main/app/Zillit.app/Contents/runtime/Contents/Home/lib/libosxui.dylib
Event: 0.799 Loaded shared library /private/var/folders/bz/y_zmq1dx0wsb2r7fz3vfc_940000gn/T/osxkeychain6435183386087340143.so
Event: 95.358 Loaded shared library /private/var/folders/bz/y_zmq1dx0wsb2r7fz3vfc_940000gn/T/sqlite-3.53.4.0-04a54975-c6a6-4fcf-9e6f-127d9acb2030-libsqlitejdbc.dylib
Event: 103.430 Loaded shared library /Users/sahilkashyap/AndroidStudioProjects/Zillit/desktopApp/build/compose/binaries/main/app/Zillit.app/Contents/runtime/Contents/Home/lib/libjcef.dylib

Deoptimization events (20 events):
Event: 102.880 Thread 0x0000000b0b4e4000 Uncommon trap: reason=unstable_if action=reinterpret pc=0x00000001183acdc4 method=java.util.regex.Pattern$SliceI.match(Ljava/util/regex/Matcher;ILjava/lang/CharSequence;)Z @ 29 c2
Event: 102.880 Thread 0x0000000b0caff800 Uncommon trap: reason=unstable_if action=reinterpret pc=0x00000001183acdc4 method=java.util.regex.Pattern$SliceI.match(Ljava/util/regex/Matcher;ILjava/lang/CharSequence;)Z @ 29 c2
Event: 102.880 Thread 0x0000000b0b4e4000 DEOPT PACKING pc=0x00000001183acdc4 sp=0x00000001753c1200
Event: 102.880 Thread 0x0000000b0caff800 DEOPT PACKING pc=0x00000001183acdc4 sp=0x00000001751b5200
Event: 102.881 Thread 0x0000000b0b4e4000 DEOPT UNPACKING pc=0x0000000117d0301c sp=0x00000001753c1180 mode 2
Event: 102.881 Thread 0x0000000b0caff800 DEOPT UNPACKING pc=0x0000000117d0301c sp=0x00000001751b5180 mode 2
Event: 103.156 Thread 0x0000000b0caff800 Uncommon trap: trap_request=0xffffff45 fr.pc=0x0000000118371a48 relative=0x00000000000003c8
Event: 103.156 Thread 0x0000000b0caff800 Uncommon trap: reason=unstable_if action=reinterpret pc=0x0000000118371a48 method=java.nio.Buffer.<init>(IIIILjava/lang/foreign/MemorySegment;)V @ 50 c2
Event: 103.156 Thread 0x0000000b0caff800 DEOPT PACKING pc=0x0000000118371a48 sp=0x00000001751b5720
Event: 103.156 Thread 0x0000000b0caff800 DEOPT UNPACKING pc=0x0000000117d0301c sp=0x00000001751b5640 mode 2
Event: 103.165 Thread 0x0000000b0caff800 Uncommon trap: trap_request=0xffffffe4 fr.pc=0x0000000118393514 relative=0x0000000000000414
Event: 103.165 Thread 0x0000000b0caff800 Uncommon trap: reason=range_check action=make_not_entrant pc=0x0000000118393514 method=sun.security.util.DerValue.<init>([BIIZZ)V @ 83 c2
Event: 103.165 Thread 0x0000000b0caff800 DEOPT PACKING pc=0x0000000118393514 sp=0x00000001751b4e20
Event: 103.165 Thread 0x0000000b0caff800 DEOPT UNPACKING pc=0x0000000117d0301c sp=0x00000001751b4d70 mode 2
Event: 103.169 Thread 0x0000000b0b4e4000 Uncommon trap: trap_request=0xffffff45 fr.pc=0x000000011836fdd0 relative=0x0000000000000290
Event: 103.169 Thread 0x0000000b0b4e4000 Uncommon trap: reason=unstable_if action=reinterpret pc=0x000000011836fdd0 method=java.nio.Buffer.<init>(IIIILjava/lang/foreign/MemorySegment;)V @ 50 c2
Event: 103.169 Thread 0x0000000b0b4e4000 DEOPT PACKING pc=0x000000011836fdd0 sp=0x00000001753c16a0
Event: 103.169 Thread 0x0000000b0b4e4000 DEOPT UNPACKING pc=0x0000000117d0301c sp=0x00000001753c1640 mode 2
Event: 103.407 Thread 0x0000000b0beb3800 DEOPT PACKING pc=0x0000000110a41538 sp=0x000000017403e000
Event: 103.407 Thread 0x0000000b0beb3800 DEOPT UNPACKING pc=0x0000000117d02e7c sp=0x000000017403dcb0 mode 0

Classes loaded (20 events):
Event: 103.415 Loading class java/text/Format$FieldDelegate done
Event: 103.415 Loading class java/text/DontCareFieldPosition$1 done
Event: 103.415 Loading class java/text/NumberFormat$Field
Event: 103.415 Loading class java/text/NumberFormat$Field done
Event: 103.417 Loading class java/net/ServerSocket
Event: 103.417 Loading class java/net/ServerSocket done
Event: 103.417 Loading class java/net/InterfaceAddress
Event: 103.417 Loading class java/net/InterfaceAddress done
Event: 103.417 Loading class java/net/DefaultInterface
Event: 103.417 Loading class java/net/DefaultInterface done
Event: 103.418 Loading class java/net/NetworkInterface$1
Event: 103.418 Loading class java/net/NetworkInterface$1 done
Event: 103.424 Loading class java/util/concurrent/CompletableFuture$UniRun
Event: 103.424 Loading class java/util/concurrent/CompletableFuture$UniCompletion
Event: 103.424 Loading class java/util/concurrent/CompletableFuture$UniCompletion done
Event: 103.424 Loading class java/util/concurrent/CompletableFuture$UniRun done
Event: 103.424 Loading class java/util/concurrent/ForkJoinTask$Aux
Event: 103.424 Loading class java/util/concurrent/ForkJoinTask$Aux done
Event: 103.432 Loading class java/awt/EventQueue$1AWTInvocationLock
Event: 103.432 Loading class java/awt/EventQueue$1AWTInvocationLock done

Classes unloaded (0 events):
No events

Classes redefined (0 events):
No events

Internal exceptions (20 events):
Event: 95.913 Thread 0x0000000b0bbbea00 Exception <a 'java/lang/NoSuchMethodError'{0x00000007839021d8}: 'java.lang.Object java.lang.invoke.DirectMethodHandle$Holder.invokeSpecial(java.lang.Object, java.lang.Object, java.lang.Object, int, int)'> (0x00000007839021d8) 
thrown [src/hotspot/share/interpreter/linkResolver.cpp, line 784]
Event: 95.914 Thread 0x0000000b0bbbea00 Exception <a 'java/lang/NoSuchMethodError'{0x0000000783920ec8}: 'java.lang.Object java.lang.invoke.DirectMethodHandle$Holder.newInvokeSpecial(java.lang.Object, java.lang.Object, long, long, java.lang.Object)'> (0x0000000783920ec8) 
thrown [src/hotspot/share/interpreter/linkResolver.cpp, line 784]
Event: 95.926 Thread 0x0000000b0bbbea00 Exception <a 'java/lang/NoSuchMethodError'{0x0000000783868c30}: 'java.lang.Object java.lang.invoke.DirectMethodHandle$Holder.newInvokeSpecial(java.lang.Object, java.lang.Object, java.lang.Object, java.lang.Object, long, java.lang.Object)'> (0x0000000783868c30) 
thrown [src/hotspot/share/interpreter/linkResolver.cpp, line 784]
Event: 95.926 Thread 0x0000000b0bbbea00 Exception <a 'java/lang/NoSuchMethodError'{0x000000078386d228}: 'java.lang.Object java.lang.invoke.DirectMethodHandle$Holder.invokeSpecial(java.lang.Object, java.lang.Object, java.lang.Object, java.lang.Object, java.lang.Object, long, java.lang.Object)'> (0x000000078386d228) 
thrown [src/hotspot/share/interpreter/linkResolver.cpp, line 784]
Event: 95.956 Thread 0x0000000b0bbbea00 Exception <a 'java/lang/NoSuchMethodError'{0x00000007837e4458}: 'void java.lang.invoke.DirectMethodHandle$Holder.invokeStatic(java.lang.Object, long, long)'> (0x00000007837e4458) 
thrown [src/hotspot/share/interpreter/linkResolver.cpp, line 784]
Event: 95.959 Thread 0x0000000b0bbbea00 Exception <a 'java/lang/NoSuchMethodError'{0x00000007837f28d8}: 'void java.lang.invoke.DirectMethodHandle$Holder.invokeStatic(java.lang.Object, long, java.lang.Object)'> (0x00000007837f28d8) 
thrown [src/hotspot/share/interpreter/linkResolver.cpp, line 784]
Event: 102.367 Thread 0x0000000b0bbbea00 Exception <a 'java/lang/NoSuchMethodError'{0x00000007831cf9e8}: 'java.lang.Object java.lang.invoke.DirectMethodHandle$Holder.invokeSpecial(java.lang.Object, java.lang.Object, int, java.lang.Object, int)'> (0x00000007831cf9e8) 
thrown [src/hotspot/share/interpreter/linkResolver.cpp, line 784]
Event: 102.399 Thread 0x0000000b0baff800 Exception <a 'java/lang/NoSuchMethodError'{0x0000000782948920}: 'java.lang.Object java.lang.invoke.DirectMethodHandle$Holder.invokeStatic(java.lang.Object, java.lang.Object, int, int)'> (0x0000000782948920) 
thrown [src/hotspot/share/interpreter/linkResolver.cpp, line 784]
Event: 102.410 Thread 0x0000000b0beb3800 Exception <a 'java/lang/NoSuchMethodError'{0x0000000782718b88}: 'java.lang.Object java.lang.invoke.DirectMethodHandle$Holder.invokeStatic(java.lang.Object, java.lang.Object, int, java.lang.Object)'> (0x0000000782718b88) 
thrown [src/hotspot/share/interpreter/linkResolver.cpp, line 784]
Event: 102.449 Thread 0x0000000b0bbbea00 Exception <a 'java/lang/NoSuchMethodError'{0x0000000787f70038}: 'java.lang.Object java.lang.invoke.DirectMethodHandle$Holder.invokeStatic(java.lang.Object, java.lang.Object, java.lang.Object, java.lang.Object, java.lang.Object, java.lang.Object, java.lang.Object, int)'> (0x0000000787f70038) 
thrown [src/hotspot/share/interpreter/linkResolver.cpp, line 784]
Event: 102.461 Thread 0x0000000b0bbbea00 Exception <a 'java/lang/NoSuchMethodError'{0x000000078474ef38}: 'java.lang.Object java.lang.invoke.DirectMethodHandle$Holder.newInvokeSpecial(java.lang.Object, java.lang.Object, java.lang.Object, int, int, java.lang.Object, java.lang.Object, java.lang.Object, java.lang.Object, java.lang.Object, java.lang.Object, java.lang.Object, java.lang.Object, java.lang.Object, java.lang.Object, int, int, java.lang.Object, java.lang.Object, java.lang.Object)'> (0x000000078474ef38) 
thrown [src/hotspot/share/interpreter
Event: 102.461 Thread 0x0000000b0bbbea00 Exception <a 'java/lang/NoSuchMethodError'{0x0000000784754d58}: 'java.lang.Object java.lang.invoke.DirectMethodHandle$Holder.invokeSpecial(java.lang.Object, java.lang.Object, java.lang.Object, java.lang.Object, int, int, java.lang.Object, java.lang.Object, java.lang.Object, java.lang.Object, java.lang.Object, java.lang.Object, java.lang.Object, java.lang.Object, java.lang.Object, java.lang.Object, int, int, java.lang.Object, java.lang.Object, java.lang.Object)'> (0x0000000784754d58) 
thrown [src/hotspot/sh
Event: 102.484 Thread 0x0000000b0bbbea00 Exception <a 'java/lang/NoSuchMethodError'{0x0000000784220650}: 'java.lang.Object java.lang.invoke.DirectMethodHandle$Holder.newInvokeSpecial(java.lang.Object, java.lang.Object, java.lang.Object, java.lang.Object, java.lang.Object, java.lang.Object, int, int)'> (0x0000000784220650) 
thrown [src/hotspot/share/interpreter/linkResolver.cpp, line 784]
Event: 102.485 Thread 0x0000000b0bbbea00 Exception <a 'java/lang/NoSuchMethodError'{0x0000000784224b30}: 'java.lang.Object java.lang.invoke.DirectMethodHandle$Holder.invokeSpecial(java.lang.Object, java.lang.Object, java.lang.Object, java.lang.Object, java.lang.Object, java.lang.Object, java.lang.Object, int, int)'> (0x0000000784224b30) 
thrown [src/hotspot/share/interpreter/linkResolver.cpp, line 784]
Event: 102.485 Thread 0x0000000b0bbbea00 Exception <a 'java/lang/NoSuchMethodError'{0x00000007842289d8}: 'java.lang.Object java.lang.invoke.Invokers$Holder.linkToTargetMethod(java.lang.Object, java.lang.Object, java.lang.Object, java.lang.Object, java.lang.Object, int, int, java.lang.Object)'> (0x00000007842289d8) 
thrown [src/hotspot/share/interpreter/linkResolver.cpp, line 784]
Event: 102.498 Thread 0x0000000b0bbbea00 Exception <a 'java/lang/NoSuchMethodError'{0x00000007841dcab8}: 'java.lang.Object java.lang.invoke.DirectMethodHandle$Holder.newInvokeSpecial(java.lang.Object, java.lang.Object, java.lang.Object, java.lang.Object, java.lang.Object, java.lang.Object, java.lang.Object, java.lang.Object, int, int)'> (0x00000007841dcab8) 
thrown [src/hotspot/share/interpreter/linkResolver.cpp, line 784]
Event: 102.498 Thread 0x0000000b0bbbea00 Exception <a 'java/lang/NoSuchMethodError'{0x00000007841e1438}: 'java.lang.Object java.lang.invoke.DirectMethodHandle$Holder.invokeSpecial(java.lang.Object, java.lang.Object, java.lang.Object, java.lang.Object, java.lang.Object, java.lang.Object, java.lang.Object, java.lang.Object, java.lang.Object, int, int)'> (0x00000007841e1438) 
thrown [src/hotspot/share/interpreter/linkResolver.cpp, line 784]
Event: 102.583 Thread 0x0000000b0cc2c700 Exception <a 'java/lang/ClassNotFoundException'{0x0000000783d529a0}: jdk/net/ExtendedSocketOptions> (0x0000000783d529a0) 
thrown [src/hotspot/share/classfile/systemDictionary.cpp, line 313]
Event: 102.853 Thread 0x0000000b0cc2dc00 Exception <a 'java/net/ConnectException'{0x0000000783c19ee8}> (0x0000000783c19ee8) 
thrown [src/hotspot/share/prims/jni.cpp, line 537]
Event: 102.860 Thread 0x0000000b0cc2d500 Exception <a 'java/net/ConnectException'{0x0000000787fcd180}> (0x0000000787fcd180) 
thrown [src/hotspot/share/prims/jni.cpp, line 537]

ZGC Phase Switch (0 events):
No events

VM Operations (20 events):
Event: 102.419 Executing non-safepoint VM operation: HandshakeAllThreads (Deoptimize)
Event: 102.419 Executing non-safepoint VM operation: HandshakeAllThreads (Deoptimize) done
Event: 102.439 Executing safepoint VM operation: G1CollectForAllocation (G1 Evacuation Pause)
Event: 102.444 Executing safepoint VM operation: G1CollectForAllocation (G1 Evacuation Pause) done
Event: 102.487 Executing non-safepoint VM operation: HandshakeAllThreads (Deoptimize)
Event: 102.488 Executing non-safepoint VM operation: HandshakeAllThreads (Deoptimize) done
Event: 102.501 Executing non-safepoint VM operation: HandshakeAllThreads (Deoptimize)
Event: 102.501 Executing non-safepoint VM operation: HandshakeAllThreads (Deoptimize) done
Event: 102.541 Executing safepoint VM operation: ICBufferFull
Event: 102.541 Executing safepoint VM operation: ICBufferFull done
Event: 102.857 Executing safepoint VM operation: CollectForMetadataAllocation (Metadata GC Threshold)
Event: 102.860 Executing safepoint VM operation: CollectForMetadataAllocation (Metadata GC Threshold) done
Event: 102.864 Executing safepoint VM operation: G1PauseRemark
Event: 102.865 Executing safepoint VM operation: G1PauseRemark done
Event: 102.867 Executing safepoint VM operation: G1PauseCleanup
Event: 102.867 Executing safepoint VM operation: G1PauseCleanup done
Event: 102.876 Executing non-safepoint VM operation: HandshakeAllThreads (Deoptimize)
Event: 102.876 Executing non-safepoint VM operation: HandshakeAllThreads (Deoptimize) done
Event: 103.432 Executing safepoint VM operation: ICBufferFull
Event: 103.432 Executing safepoint VM operation: ICBufferFull done

Memory protections (20 events):
Event: 0.466 Protecting memory [0x0000000173818000,0x0000000173824000] with protection modes 0
Event: 95.394 Protecting memory [0x0000000173c30000,0x0000000173c3c000] with protection modes 0
Event: 95.394 Protecting memory [0x0000000173e3c000,0x0000000173e48000] with protection modes 0
Event: 95.394 Protecting memory [0x0000000174048000,0x0000000174054000] with protection modes 0
Event: 95.396 Protecting memory [0x0000000174254000,0x0000000174260000] with protection modes 0
Event: 95.396 Protecting memory [0x0000000174460000,0x000000017446c000] with protection modes 0
Event: 95.442 Protecting memory [0x000000017466c000,0x0000000174678000] with protection modes 0
Event: 95.569 Protecting memory [0x0000000174878000,0x0000000174884000] with protection modes 0
Event: 95.749 Protecting memory [0x0000000174b10000,0x0000000174b1c000] with protection modes 0
Event: 95.975 Protecting memory [0x0000000174da8000,0x0000000174db4000] with protection modes 0
Event: 102.480 Protecting memory [0x0000000174fb4000,0x0000000174fc0000] with protection modes 0
Event: 102.480 Protecting memory [0x00000001751c0000,0x00000001751cc000] with protection modes 0
Event: 102.577 Protecting memory [0x00000001753cc000,0x00000001753d8000] with protection modes 0
Event: 102.577 Protecting memory [0x00000001755d8000,0x00000001755e4000] with protection modes 0
Event: 102.832 Protecting memory [0x00000001757e4000,0x00000001757f0000] with protection modes 0
Event: 102.832 Protecting memory [0x00000001759f0000,0x00000001759fc000] with protection modes 0
Event: 103.193 Protecting memory [0x0000000175bfc000,0x0000000175c08000] with protection modes 0
Event: 103.424 Protecting memory [0x0000000175e08000,0x0000000175e14000] with protection modes 0
Event: 103.431 Protecting memory [0x0000000176014000,0x0000000176020000] with protection modes 0
Event: 103.432 Protecting memory [0x0000000175e08000,0x0000000175e14000] with protection modes 3

Nmethod flushes (20 events):
Event: 102.864 Thread 0x0000000b0ad19400 flushing  nmethod 0x00000001109dc790
Event: 102.864 Thread 0x0000000b0ad19400 flushing  nmethod 0x00000001109dce90
Event: 102.864 Thread 0x0000000b0ad19400 flushing  nmethod 0x00000001109dd690
Event: 102.864 Thread 0x0000000b0ad19400 flushing  nmethod 0x00000001109de210
Event: 102.864 Thread 0x0000000b0ad19400 flushing  nmethod 0x0000000110790710
Event: 102.864 Thread 0x0000000b0ad19400 flushing  nmethod 0x000000011081dd10
Event: 102.864 Thread 0x0000000b0ad19400 flushing  nmethod 0x000000011081e310
Event: 102.864 Thread 0x0000000b0ad19400 flushing  nmethod 0x0000000110823890
Event: 102.864 Thread 0x0000000b0ad19400 flushing  nmethod 0x00000001109fcc10
Event: 102.864 Thread 0x0000000b0ad19400 flushing  nmethod 0x00000001109fd310
Event: 102.864 Thread 0x0000000b0ad19400 flushing  nmethod 0x00000001109fe890
Event: 102.864 Thread 0x0000000b0ad19400 flushing  nmethod 0x00000001107abb10
Event: 102.864 Thread 0x0000000b0ad19400 flushing  nmethod 0x00000001107ae390
Event: 102.864 Thread 0x0000000b0ad19400 flushing  nmethod 0x0000000110848910
Event: 102.864 Thread 0x0000000b0ad19400 flushing  nmethod 0x00000001108c2b90
Event: 102.864 Thread 0x0000000b0ad19400 flushing  nmethod 0x00000001108c2f90
Event: 102.864 Thread 0x0000000b0ad19400 flushing  nmethod 0x00000001108c7e10
Event: 102.864 Thread 0x0000000b0ad19400 flushing  nmethod 0x00000001108c8610
Event: 102.864 Thread 0x0000000b0ad19400 flushing  nmethod 0x0000000110a52a10
Event: 102.864 Thread 0x0000000b0ad19400 flushing  nmethod 0x00000001107e0990

Events (20 events):
Event: 0.466 Thread 0x000000010125c1a0 Thread added: 0x0000000b0bbbea00
Event: 95.394 Thread 0x0000000b0bbbc000 Thread added: 0x0000000b0beb3100
Event: 95.394 Thread 0x0000000b0baff100 Thread added: 0x0000000b0beb3800
Event: 95.394 Thread 0x0000000b0bbbc000 Thread added: 0x0000000b0b448000
Event: 95.395 Thread 0x0000000b0beb3100 Thread added: 0x0000000b0b448700
Event: 95.396 Thread 0x0000000b0beb3800 Thread added: 0x0000000b0b448e00
Event: 95.442 Thread 0x0000000b0bbbea00 Thread added: 0x0000000b0c0c0000
Event: 95.569 Thread 0x0000000b0bbbea00 Thread added: 0x0000000b0c2c8000
Event: 95.749 Thread 0x0000000b0bbbea00 Thread added: 0x0000000b0c4ab100
Event: 95.975 Thread 0x0000000b0bbbea00 Thread added: 0x0000000b0c815c00
Event: 102.480 Thread 0x0000000b0baff800 Thread added: 0x0000000b0caff800
Event: 102.480 Thread 0x0000000b0beb3800 Thread added: 0x0000000b0b4e4000
Event: 102.577 Thread 0x0000000b0caff800 Thread added: 0x0000000b0cc2c700
Event: 102.577 Thread 0x0000000b0cc2c700 Thread added: 0x0000000b0cc2ce00
Event: 102.832 Thread 0x0000000b0b4e4000 Thread added: 0x0000000b0cc2d500
Event: 102.832 Thread 0x0000000b0cc2d500 Thread added: 0x0000000b0cc2dc00
Event: 103.193 Thread 0x0000000b0caff800 Thread added: 0x0000000b0cc2ea00
Event: 103.424 Thread 0x0000000b0beb3800 Thread added: 0x0000000b0cc2f800
Event: 103.431 Thread 0x0000000b0cc2f800 Thread added: 0x0000000b0bbbf800
Event: 103.432 Thread 0x0000000b0cc2f800 Thread exited: 0x0000000b0cc2f800


Dynamic libraries:
0x00000001ad809000 	/System/Library/Frameworks/Cocoa.framework/Versions/A/Cocoa
0x00000001924ef000 	/System/Library/Frameworks/AppKit.framework/Versions/C/AppKit
0x0000000195b2e000 	/System/Library/Frameworks/CoreData.framework/Versions/A/CoreData
0x000000018f8ea000 	/System/Library/Frameworks/Foundation.framework/Versions/C/Foundation
0x000000019de8c000 	/usr/lib/libSystem.B.dylib
0x0000000193c12000 	/System/Library/PrivateFrameworks/UIFoundation.framework/Versions/A/UIFoundation
0x00000002468a2000 	/System/Library/PrivateFrameworks/CollectionViewCore.framework/Versions/A/CollectionViewCore
0x000000019b133000 	/System/Library/PrivateFrameworks/XCTTargetBootstrap.framework/Versions/A/XCTTargetBootstrap
0x00000002590fa000 	/System/Library/PrivateFrameworks/GenerativeModels.framework/Versions/A/GenerativeModels
0x00000001a0820000 	/System/Library/PrivateFrameworks/InternationalSupport.framework/Versions/A/InternationalSupport
0x00000001a0b7c000 	/System/Library/PrivateFrameworks/UserActivity.framework/Versions/A/UserActivity
0x00000001961c3000 	/System/Library/PrivateFrameworks/BaseBoard.framework/Versions/A/BaseBoard
0x0000000250310000 	/System/Library/PrivateFrameworks/FrontBoard.framework/Versions/A/FrontBoard
0x00000001a854c000 	/System/Library/PrivateFrameworks/FrontBoardServices.framework/Versions/A/FrontBoardServices
0x00000002910c3000 	/usr/lib/libRosetta.dylib
0x00000002843e6000 	/System/Library/PrivateFrameworks/UIIntelligenceSupport.framework/Versions/A/UIIntelligenceSupport
0x000000023ac37000 	/System/Library/Frameworks/SwiftUICore.framework/Versions/A/SwiftUICore
0x000000028af7b000 	/System/Library/PrivateFrameworks/WritingTools.framework/Versions/A/WritingTools
0x0000000289d76000 	/System/Library/PrivateFrameworks/WindowManagement.framework/Versions/A/WindowManagement
0x000000018f559000 	/System/Library/Frameworks/SystemConfiguration.framework/Versions/A/SystemConfiguration
0x000000019fa8b000 	/usr/lib/libspindump.dylib
0x0000000193dcb000 	/System/Library/Frameworks/UniformTypeIdentifiers.framework/Versions/A/UniformTypeIdentifiers
0x000000019d0e3000 	/usr/lib/libbsm.0.dylib
0x00000001988c5000 	/usr/lib/libapp_launch_measurement.dylib
0x0000000197bce000 	/System/Library/PrivateFrameworks/CoreAnalytics.framework/Versions/A/CoreAnalytics
0x00000001988c9000 	/System/Library/PrivateFrameworks/CoreAutoLayout.framework/Versions/A/CoreAutoLayout
0x000000019a6ac000 	/System/Library/Frameworks/Metal.framework/Versions/A/Metal
0x000000019ba6f000 	/usr/lib/liblangid.dylib
0x000000019b139000 	/System/Library/PrivateFrameworks/CoreSVG.framework/Versions/A/CoreSVG
0x0000000194825000 	/System/Library/PrivateFrameworks/SkyLight.framework/Versions/A/SkyLight
0x0000000250045000 	/System/Library/PrivateFrameworks/FocusEngine.framework/Versions/A/FocusEngine
0x0000000194ddc000 	/System/Library/Frameworks/CoreGraphics.framework/Versions/A/CoreGraphics
0x000000024da51000 	/System/Library/PrivateFrameworks/DesignLibrary.framework/Versions/A/DesignLibrary
0x00000001a67d8000 	/System/Library/Frameworks/Accelerate.framework/Versions/A/Accelerate
0x000000019f881000 	/System/Library/PrivateFrameworks/IconServices.framework/Versions/A/IconServices
0x000000019a684000 	/System/Library/Frameworks/IOSurface.framework/Versions/A/IOSurface
0x0000000197bfe000 	/usr/lib/libDiagnosticMessagesClient.dylib
0x000000019ddd6000 	/usr/lib/libz.1.dylib
0x00000001aac26000 	/System/Library/Frameworks/ApplicationServices.framework/Versions/A/ApplicationServices
0x000000019b11e000 	/System/Library/PrivateFrameworks/DFRFoundation.framework/Versions/A/DFRFoundation
0x0000000191d3e000 	/usr/lib/libicucore.A.dylib
0x00000001a1da7000 	/System/Library/Frameworks/AudioToolbox.framework/Versions/A/AudioToolbox
0x00000001a0b2a000 	/System/Library/PrivateFrameworks/DataDetectorsCore.framework/Versions/A/DataDetectorsCore
0x000000028532f000 	/System/Library/PrivateFrameworks/UpdateCycle.framework/Versions/A/UpdateCycle
0x00000001bf12a000 	/System/Library/PrivateFrameworks/TextInput.framework/Versions/A/TextInput
0x0000000194769000 	/usr/lib/libMobileGestalt.dylib
0x000000019ae22000 	/System/Library/Frameworks/Carbon.framework/Versions/A/Frameworks/HIToolbox.framework/Versions/A/HIToolbox
0x0000000198128000 	/System/Library/Frameworks/QuartzCore.framework/Versions/A/QuartzCore
0x000000019191f000 	/System/Library/Frameworks/Security.framework/Versions/A/Security
0x00000001a6147000 	/System/Library/Frameworks/Carbon.framework/Versions/A/Frameworks/SpeechRecognition.framework/Versions/A/SpeechRecognition
0x0000000198590000 	/System/Library/PrivateFrameworks/CoreUI.framework/Versions/A/CoreUI
0x0000000191189000 	/System/Library/Frameworks/CoreAudio.framework/Versions/A/CoreAudio
0x0000000197cf9000 	/System/Library/Frameworks/DiskArbitration.framework/Versions/A/DiskArbitration
0x00000001a0029000 	/System/Library/PrivateFrameworks/MultitouchSupport.framework/Versions/A/MultitouchSupport
0x0000000194767000 	/usr/lib/libenergytrace.dylib
0x00000001b2499000 	/System/Library/PrivateFrameworks/RenderBox.framework/Versions/A/RenderBox
0x0000000192396000 	/System/Library/Frameworks/IOKit.framework/Versions/A/IOKit
0x00000001a6559000 	/System/Library/Frameworks/CoreServices.framework/Versions/A/CoreServices
0x000000019884c000 	/System/Library/PrivateFrameworks/PerformanceAnalysis.framework/Versions/A/PerformanceAnalysis
0x0000000233524000 	/System/Library/Frameworks/OpenGL.framework/Versions/A/OpenGL
0x0000000198912000 	/usr/lib/libxml2.2.dylib
0x000000019cfc4000 	/System/Library/PrivateFrameworks/MobileKeyBag.framework/Versions/A/MobileKeyBag
0x000000018dbd8000 	/usr/lib/libobjc.A.dylib
0x000000018df4d000 	/usr/lib/libc++.1.dylib
0x00000001a64d7000 	/System/Library/Frameworks/Accessibility.framework/Versions/A/Accessibility
0x0000000195532000 	/System/Library/Frameworks/ColorSync.framework/Versions/A/ColorSync
0x000000018e07d000 	/System/Library/Frameworks/CoreFoundation.framework/Versions/A/CoreFoundation
0x000000019b4b7000 	/System/Library/Frameworks/CoreImage.framework/Versions/A/CoreImage
0x0000000190f60000 	/System/Library/Frameworks/CoreText.framework/Versions/A/CoreText
0x0000000234f24000 	/System/Library/Frameworks/CoreTransferable.framework/Versions/A/CoreTransferable
0x000000023543f000 	/System/Library/Frameworks/DataDetection.framework/Versions/A/DataDetection
0x0000000235456000 	/System/Library/Frameworks/DeveloperToolsSupport.framework/Versions/A/DeveloperToolsSupport
0x000000019b177000 	/System/Library/Frameworks/ImageIO.framework/Versions/A/ImageIO
0x000000023bb94000 	/System/Library/Frameworks/Symbols.framework/Versions/A/Symbols
0x00000001c44a5000 	/System/Library/PrivateFrameworks/AttributeGraph.framework/Versions/A/AttributeGraph
0x00000001a8626000 	/System/Library/PrivateFrameworks/BoardServices.framework/Versions/A/BoardServices
0x00000001e969c000 	/System/Library/PrivateFrameworks/FeatureFlags.framework/Versions/A/FeatureFlags
0x00000002595a5000 	/System/Library/PrivateFrameworks/Gestures.framework/Versions/A/Gestures
0x000000019de90000 	/System/Library/PrivateFrameworks/SoftLinking.framework/Versions/A/SoftLinking
0x00000001d3182000 	/usr/lib/swift/libswiftAccelerate.dylib
0x00000001c92f9000 	/usr/lib/swift/libswiftCompression.dylib
0x00000001a16fc000 	/usr/lib/swift/libswiftCore.dylib
0x00000001bb34a000 	/usr/lib/swift/libswiftCoreFoundation.dylib
0x00000001bb3aa000 	/usr/lib/swift/libswiftCoreImage.dylib
0x00000001a82c5000 	/usr/lib/swift/libswiftDispatch.dylib
0x00000001bb3ab000 	/usr/lib/swift/libswiftIOKit.dylib
0x00000001c92eb000 	/usr/lib/swift/libswiftMetal.dylib
0x00000001d8ab0000 	/usr/lib/swift/libswiftOSLog.dylib
0x00000001ab29d000 	/usr/lib/swift/libswiftObjectiveC.dylib
0x000000029283c000 	/usr/lib/swift/libswiftObservation.dylib
0x00000001ce6df000 	/usr/lib/swift/libswiftQuartzCore.dylib
0x00000002928fe000 	/usr/lib/swift/libswiftSpatial.dylib
0x0000000292978000 	/usr/lib/swift/libswiftSynchronization.dylib
0x00000001d3172000 	/usr/lib/swift/libswiftUniformTypeIdentifiers.dylib
0x00000001bb35d000 	/usr/lib/swift/libswiftXPC.dylib
0x00000002929be000 	/usr/lib/swift/libswift_Builtin_float.dylib
0x00000002929bf000 	/usr/lib/swift/libswift_Concurrency.dylib
0x00000001ab2a1000 	/usr/lib/swift/libswiftos.dylib
0x00000001bee9c000 	/usr/lib/swift/libswiftsimd.dylib
0x000000019e0b4000 	/usr/lib/libcompression.dylib
0x00000001a0789000 	/System/Library/PrivateFrameworks/TextureIO.framework/Versions/A/TextureIO
0x00000001956da000 	/System/Library/Frameworks/ApplicationServices.framework/Versions/A/Frameworks/HIServices.framework/Versions/A/HIServices
0x000000019f50b000 	/usr/lib/libate.dylib
0x000000019de86000 	/usr/lib/system/libcache.dylib
0x000000019de41000 	/usr/lib/system/libcommonCrypto.dylib
0x000000019de6c000 	/usr/lib/system/libcompiler_rt.dylib
0x000000019de61000 	/usr/lib/system/libcopyfile.dylib
0x000000018dd81000 	/usr/lib/system/libcorecrypto.dylib
0x000000018de81000 	/usr/lib/system/libdispatch.dylib
0x000000018dc2b000 	/usr/lib/system/libdyld.dylib
0x000000019de7c000 	/usr/lib/system/libkeymgr.dylib
0x000000019de24000 	/usr/lib/system/libmacho.dylib
0x000000019d0bb000 	/usr/lib/system/libquarantine.dylib
0x000000019de79000 	/usr/lib/system/libremovefile.dylib
0x00000001947e9000 	/usr/lib/system/libsystem_asl.dylib
0x000000018dd07000 	/usr/lib/system/libsystem_blocks.dylib
0x000000018decc000 	/usr/lib/system/libsystem_c.dylib
0x000000019de70000 	/usr/lib/system/libsystem_collections.dylib
0x000000019ba5c000 	/usr/lib/system/libsystem_configuration.dylib
0x000000019a64b000 	/usr/lib/system/libsystem_containermanager.dylib
0x000000019d85a000 	/usr/lib/system/libsystem_coreservices.dylib
0x0000000192014000 	/usr/lib/system/libsystem_darwin.dylib
0x0000000292ce0000 	/usr/lib/system/libsystem_darwindirectory.dylib
0x000000019de7d000 	/usr/lib/system/libsystem_dnssd.dylib
0x0000000292ce4000 	/usr/lib/system/libsystem_eligibility.dylib
0x000000018dec9000 	/usr/lib/system/libsystem_featureflags.dylib
0x000000018e04d000 	/usr/lib/system/libsystem_info.dylib
0x000000019dde5000 	/usr/lib/system/libsystem_m.dylib
0x000000018de30000 	/usr/lib/system/libsystem_malloc.dylib
0x000000019474c000 	/usr/lib/system/libsystem_networkextension.dylib
0x000000019247f000 	/usr/lib/system/libsystem_notify.dylib
0x000000019ba61000 	/usr/lib/system/libsystem_sandbox.dylib
0x0000000292cee000 	/usr/lib/system/libsystem_sanitizers.dylib
0x000000019de75000 	/usr/lib/system/libsystem_secinit.dylib
0x000000018dff9000 	/usr/lib/system/libsystem_kernel.dylib
0x000000018e044000 	/usr/lib/system/libsystem_platform.dylib
0x000000018e037000 	/usr/lib/system/libsystem_pthread.dylib
0x00000001963a7000 	/usr/lib/system/libsystem_symptoms.dylib
0x000000018dd60000 	/usr/lib/system/libsystem_trace.dylib
0x0000000292cf6000 	/usr/lib/system/libsystem_trial.dylib
0x000000019de4f000 	/usr/lib/system/libunwind.dylib
0x000000018dd0b000 	/usr/lib/system/libxpc.dylib
0x000000018dfde000 	/usr/lib/libc++abi.dylib
0x0000000292549000 	/usr/lib/libswiftPrespecialized.dylib
0x000000019de8e000 	/usr/lib/libfakelink.dylib
0x0000000194396000 	/System/Library/Frameworks/CFNetwork.framework/Versions/A/CFNetwork
0x000000019dee1000 	/usr/lib/libarchive.2.dylib
0x00000001a41f3000 	/System/Library/Frameworks/Combine.framework/Versions/A/Combine
0x00000002468c7000 	/System/Library/PrivateFrameworks/CollectionsInternal.framework/Versions/A/CollectionsInternal
0x00000002727c6000 	/System/Library/PrivateFrameworks/ReflectionInternal.framework/Versions/A/ReflectionInternal
0x0000000273719000 	/System/Library/PrivateFrameworks/RuntimeInternal.framework/Versions/A/RuntimeInternal
0x00000001b81e2000 	/usr/lib/swift/libswiftDarwin.dylib
0x000000029298c000 	/usr/lib/swift/libswiftSystem.dylib
0x0000000292a4b000 	/usr/lib/swift/libswift_DarwinFoundation1.dylib
0x0000000292aef000 	/usr/lib/swift/libswift_StringProcessing.dylib
0x0000000192316000 	/System/Library/PrivateFrameworks/CoreServicesInternal.framework/Versions/A/CoreServicesInternal
0x000000019de59000 	/usr/lib/liboah.dylib
0x00000001aa6d1000 	/System/Library/PrivateFrameworks/DiskImages.framework/Versions/A/DiskImages
0x00000001b7c87000 	/System/Library/Frameworks/NetFS.framework/Versions/A/NetFS
0x000000019888e000 	/System/Library/Frameworks/CoreServices.framework/Versions/A/Frameworks/FSEvents.framework/Versions/A/FSEvents
0x000000019201e000 	/System/Library/Frameworks/CoreServices.framework/Versions/A/Frameworks/CarbonCore.framework/Versions/A/CarbonCore
0x0000000197c6d000 	/System/Library/Frameworks/CoreServices.framework/Versions/A/Frameworks/Metadata.framework/Versions/A/Metadata
0x000000019d861000 	/System/Library/Frameworks/CoreServices.framework/Versions/A/Frameworks/OSServices.framework/Versions/A/OSServices
0x000000019dfd9000 	/System/Library/Frameworks/CoreServices.framework/Versions/A/Frameworks/SearchKit.framework/Versions/A/SearchKit
0x0000000196321000 	/System/Library/Frameworks/CoreServices.framework/Versions/A/Frameworks/AE.framework/Versions/A/AE
0x000000018e5dc000 	/System/Library/Frameworks/CoreServices.framework/Versions/A/Frameworks/LaunchServices.framework/Versions/A/LaunchServices
0x000000019f35f000 	/System/Library/Frameworks/CoreServices.framework/Versions/A/Frameworks/DictionaryServices.framework/Versions/A/DictionaryServices
0x000000019889b000 	/System/Library/Frameworks/CoreServices.framework/Versions/A/Frameworks/SharedFileList.framework/Versions/A/SharedFileList
0x000000019e06c000 	/usr/lib/libapple_nghttp2.dylib
0x0000000195f38000 	/usr/lib/libsqlite3.dylib
0x0000000196121000 	/System/Library/Frameworks/Accounts.framework/Versions/A/Accounts
0x00000001aa913000 	/System/Library/PrivateFrameworks/AppSupport.framework/Versions/A/AppSupport
0x00000001ba10e000 	/System/Library/Frameworks/AVFoundation.framework/Versions/A/AVFoundation
0x00000001a242e000 	/System/Library/Frameworks/GSS.framework/Versions/A/GSS
0x00000001962b5000 	/System/Library/PrivateFrameworks/RunningBoardServices.framework/Versions/A/RunningBoardServices
0x00000001ab225000 	/System/Library/PrivateFrameworks/StreamingZip.framework/Versions/A/StreamingZip
0x00000001963b0000 	/System/Library/Frameworks/Network.framework/Versions/A/Network
0x000000019de28000 	/usr/lib/system/libkxld.dylib
0x0000000241ea7000 	/System/Library/PrivateFrameworks/AppleKeyStore.framework/Versions/A/AppleKeyStore
0x0000000290dc5000 	/usr/lib/libCoreEntitlements.dylib
0x0000000266ea9000 	/System/Library/PrivateFrameworks/MessageSecurity.framework/Versions/A/MessageSecurity
0x0000000195f1c000 	/System/Library/PrivateFrameworks/ProtocolBuffer.framework/Versions/A/ProtocolBuffer
0x00000001a76d4000 	/System/Library/PrivateFrameworks/SymptomDiagnosticReporter.framework/Versions/A/SymptomDiagnosticReporter
0x000000019f5a4000 	/System/Library/PrivateFrameworks/CrashReporterSupport.framework/Versions/A/CrashReporterSupport
0x000000019d841000 	/System/Library/PrivateFrameworks/AppleFSCompression.framework/Versions/A/AppleFSCompression
0x000000019d0cb000 	/usr/lib/libcoretls.dylib
0x000000019f3d5000 	/usr/lib/libcoretls_cfhelpers.dylib
0x000000019e0ae000 	/usr/lib/libpam.2.dylib
0x000000019f44b000 	/usr/lib/libxar.1.dylib
0x000000019f3d7000 	/System/Library/PrivateFrameworks/APFS.framework/Versions/A/APFS
0x000000027ee46000 	/System/Library/PrivateFrameworks/SwiftASN1Internal.framework/Versions/A/SwiftASN1Internal
0x000000019f45a000 	/usr/lib/libutil.dylib
0x000000019ba6a000 	/System/Library/PrivateFrameworks/AppleSystemInfo.framework/Versions/A/AppleSystemInfo
0x000000019cd92000 	/System/Library/PrivateFrameworks/IOMobileFramebuffer.framework/Versions/A/IOMobileFramebuffer
0x00000001aa031000 	/System/Library/PrivateFrameworks/CoreWiFi.framework/Versions/A/CoreWiFi
0x00000001bb20c000 	/System/Library/PrivateFrameworks/LoggingSupport.framework/Versions/A/LoggingSupport
0x00000001a2491000 	/System/Library/PrivateFrameworks/MobileAsset.framework/Versions/A/MobileAsset
0x00000001a76e4000 	/System/Library/PrivateFrameworks/PowerLog.framework/Versions/A/PowerLog
0x00000001a8ba6000 	/System/Library/PrivateFrameworks/Rapport.framework/Versions/A/Rapport
0x000000023aaca000 	/System/Library/Frameworks/SwiftData.framework/Versions/A/SwiftData
0x0000000198abb000 	/System/Library/PrivateFrameworks/UserManagement.framework/Versions/A/UserManagement
0x00000001942bd000 	/usr/lib/libboringssl.dylib
0x0000000196395000 	/usr/lib/libdns_services.dylib
0x00000001ba242000 	/usr/lib/libquic.dylib
0x00000001a168d000 	/usr/lib/libusrtcp.dylib
0x0000000242d60000 	/System/Library/PrivateFrameworks/AtomicsInternal.framework/Versions/A/AtomicsInternal
0x00000001e14d3000 	/System/Library/PrivateFrameworks/InternalSwiftProtobuf.framework/Versions/A/InternalSwiftProtobuf
0x0000000292813000 	/usr/lib/swift/libswiftDistributed.dylib
0x000000019ba68000 	/System/Library/PrivateFrameworks/AggregateDictionary.framework/Versions/A/AggregateDictionary
0x000000024358e000 	/System/Library/PrivateFrameworks/BiomeLibrary.framework/Versions/A/BiomeLibrary
0x00000001ca356000 	/System/Library/PrivateFrameworks/BiomeStreams.framework/Versions/A/BiomeStreams
0x00000001c63bc000 	/System/Library/PrivateFrameworks/BiomeFoundation.framework/Versions/A/BiomeFoundation
0x00000001d05d8000 	/System/Library/PrivateFrameworks/BiomePubSub.framework/Versions/A/BiomePubSub
0x00000001ac208000 	/System/Library/PrivateFrameworks/ProactiveSupport.framework/Versions/A/ProactiveSupport
0x000000023cb25000 	/System/Library/Frameworks/_LocationEssentials.framework/Versions/A/_LocationEssentials
0x000000019f3b6000 	/usr/lib/liblzma.5.dylib
0x00000001aac27000 	/System/Library/PrivateFrameworks/InternationalTextSearch.framework/Versions/A/InternationalTextSearch
0x00000001c2898000 	/System/Library/PrivateFrameworks/SoftwareUpdateCoreSupport.framework/Versions/A/SoftwareUpdateCoreSupport
0x00000001cadf4000 	/System/Library/PrivateFrameworks/SoftwareUpdateCoreConnect.framework/Versions/A/SoftwareUpdateCoreConnect
0x00000001aa7cb000 	/System/Library/PrivateFrameworks/RemoteServiceDiscovery.framework/Versions/A/RemoteServiceDiscovery
0x00000001c2470000 	/System/Library/PrivateFrameworks/MSUDataAccessor.framework/Versions/A/MSUDataAccessor
0x00000001bd3d8000 	/usr/lib/libbootpolicy.dylib
0x00000001aa7e2000 	/System/Library/PrivateFrameworks/RemoteXPC.framework/Versions/A/RemoteXPC
0x00000001ca22a000 	/usr/lib/libFDR.dylib
0x00000001d01da000 	/usr/lib/libamsupport.dylib
0x00000002910bb000 	/usr/lib/libReverseProxyDevice.dylib
0x0000000241717000 	/System/Library/PrivateFrameworks/AppleDeviceQuerySupport.framework/Versions/A/AppleDeviceQuerySupport
0x00000001d339c000 	/usr/lib/libpartition2_dynamic.dylib
0x000000019e048000 	/System/Library/PrivateFrameworks/AppleSauce.framework/Versions/A/AppleSauce
0x0000000290c70000 	/usr/lib/libAppleArchive.dylib
0x000000019d84d000 	/usr/lib/libbz2.1.0.dylib
0x0000000197d03000 	/System/Library/Frameworks/Accelerate.framework/Versions/A/Frameworks/vImage.framework/Versions/A/vImage
0x00000001a6534000 	/System/Library/Frameworks/Accelerate.framework/Versions/A/Frameworks/vecLib.framework/Versions/A/vecLib
0x000000019f491000 	/System/Library/Frameworks/Accelerate.framework/Versions/A/Frameworks/vecLib.framework/Versions/A/libvMisc.dylib
0x000000018eae0000 	/System/Library/Frameworks/Accelerate.framework/Versions/A/Frameworks/vecLib.framework/Versions/A/libBLAS.dylib
0x00000001989f9000 	/System/Library/Frameworks/CoreVideo.framework/Versions/A/CoreVideo
0x00000001a2045000 	/System/Library/Frameworks/ApplicationServices.framework/Versions/A/Frameworks/ATS.framework/Versions/A/ATS
0x00000001a0716000 	/System/Library/Frameworks/ApplicationServices.framework/Versions/A/Frameworks/PrintCore.framework/Versions/A/PrintCore
0x00000001a23f7000 	/System/Library/Frameworks/ApplicationServices.framework/Versions/A/Frameworks/QD.framework/Versions/A/QD
0x00000001a23f2000 	/System/Library/Frameworks/ApplicationServices.framework/Versions/A/Frameworks/ColorSyncLegacy.framework/Versions/A/ColorSyncLegacy
0x00000001a2017000 	/System/Library/Frameworks/ApplicationServices.framework/Versions/A/Frameworks/SpeechSynthesis.framework/Versions/A/SpeechSynthesis
0x000000019ab52000 	/System/Library/PrivateFrameworks/FontServices.framework/libFontParser.dylib
0x00000001aa4f3000 	/System/Library/PrivateFrameworks/BackBoardServices.framework/Versions/A/BackBoardServices
0x0000000243493000 	/System/Library/PrivateFrameworks/BackBoardHIDEventFoundation.framework/Versions/A/BackBoardHIDEventFoundation
0x0000000190a7c000 	/System/Library/Frameworks/CoreDisplay.framework/Versions/A/CoreDisplay
0x00000001a006f000 	/System/Library/Frameworks/VideoToolbox.framework/Versions/A/VideoToolbox
0x000000019e0ac000 	/System/Library/Frameworks/MetalPerformanceShaders.framework/Versions/A/MetalPerformanceShaders
0x00000002716d0000 	/System/Library/PrivateFrameworks/ProDisplayLibrary.framework/Versions/A/ProDisplayLibrary
0x00000001ae324000 	/System/Library/PrivateFrameworks/IOSurfaceAccelerator.framework/Versions/A/IOSurfaceAccelerator
0x000000019a6a1000 	/System/Library/PrivateFrameworks/IOAccelerator.framework/Versions/A/IOAccelerator
0x000000019a9b0000 	/System/Library/Frameworks/CoreMedia.framework/Versions/A/CoreMedia
0x0000000194801000 	/System/Library/PrivateFrameworks/TCC.framework/Versions/A/TCC
0x00000001a0027000 	/System/Library/PrivateFrameworks/WatchdogClient.framework/Versions/A/WatchdogClient
0x00000001bb32a000 	/usr/lib/swift/libswiftCoreAudio.dylib
0x00000001d72fd000 	/usr/lib/swift/libswiftCoreMedia.dylib
0x00000002929a6000 	/usr/lib/swift/libswiftVideoToolbox.dylib
0x00000001d0639000 	/System/Library/PrivateFrameworks/BiomeStorage.framework/Versions/A/BiomeStorage
0x000000025fbed000 	/System/Library/PrivateFrameworks/IntelligencePlatformLibrary.framework/Versions/A/IntelligencePlatformLibrary
0x0000000270494000 	/System/Library/PrivateFrameworks/PoirotSchematizer.framework/Versions/A/PoirotSchematizer
0x0000000243e41000 	/System/Library/PrivateFrameworks/BiomeSync.framework/Versions/A/BiomeSync
0x0000000243574000 	/System/Library/PrivateFrameworks/BiomeDSL.framework/Versions/A/BiomeDSL
0x0000000270502000 	/System/Library/PrivateFrameworks/PoirotUDFs.framework/Versions/A/PoirotUDFs
0x0000000292a4e000 	/usr/lib/swift/libswift_DarwinFoundation2.dylib
0x0000000292a4f000 	/usr/lib/swift/libswift_DarwinFoundation3.dylib
0x00000001a8b9b000 	/System/Library/PrivateFrameworks/CoreTime.framework/Versions/A/CoreTime
0x000000019dec6000 	/usr/lib/libiconv.2.dylib
0x000000019de23000 	/usr/lib/libcharset.1.dylib
0x0000000270457000 	/System/Library/PrivateFrameworks/PoirotSQLite.framework/Versions/A/PoirotSQLite
0x0000000292a50000 	/usr/lib/swift/libswift_RegexParser.dylib
0x0000000245477000 	/System/Library/PrivateFrameworks/CascadeSets.framework/Versions/A/CascadeSets
0x00000001a2608000 	/System/Library/PrivateFrameworks/CorePhoneNumbers.framework/Versions/A/CorePhoneNumbers
0x000000019fe21000 	/System/Library/PrivateFrameworks/AppleJPEG.framework/Versions/A/AppleJPEG
0x000000019f7fb000 	/usr/lib/libexpat.1.dylib
0x00000001a05ec000 	/System/Library/Frameworks/ImageIO.framework/Versions/A/Resources/libPng.dylib
0x00000001a0617000 	/System/Library/Frameworks/ImageIO.framework/Versions/A/Resources/libTIFF.dylib
0x00000001a06ff000 	/System/Library/Frameworks/ImageIO.framework/Versions/A/Resources/libGIF.dylib
0x000000019fe66000 	/System/Library/Frameworks/ImageIO.framework/Versions/A/Resources/libJP2.dylib
0x00000001a06a6000 	/System/Library/Frameworks/ImageIO.framework/Versions/A/Resources/libJPEG.dylib
0x00000001a069d000 	/System/Library/Frameworks/ImageIO.framework/Versions/A/Resources/libRadiance.dylib
0x00000002558a4000 	/System/Library/PrivateFrameworks/GPUCompiler.framework/Versions/32023/Libraries/libllvm-flatbuffers.dylib
0x0000000250303000 	/System/Library/PrivateFrameworks/FramePacing.framework/Versions/A/FramePacing
0x0000000233516000 	/System/Library/Frameworks/OpenGL.framework/Versions/A/Libraries/libCoreFSCache.dylib
0x0000000251431000 	/System/Library/PrivateFrameworks/GPUCompiler.framework/Versions/32023/Libraries/libGPUCompilerUtils.dylib
0x00000001a86f3000 	/System/Library/PrivateFrameworks/GraphicsServices.framework/Versions/A/GraphicsServices
0x0000000233575000 	/System/Library/Frameworks/OpenGL.framework/Versions/A/Libraries/libGLU.dylib
0x0000000233538000 	/System/Library/Frameworks/OpenGL.framework/Versions/A/Libraries/libGFXShared.dylib
0x0000000233705000 	/System/Library/Frameworks/OpenGL.framework/Versions/A/Libraries/libGL.dylib
0x0000000233541000 	/System/Library/Frameworks/OpenGL.framework/Versions/A/Libraries/libGLImage.dylib
0x0000000233535000 	/System/Library/Frameworks/OpenGL.framework/Versions/A/Libraries/libCVMSPluginSupport.dylib
0x000000023351e000 	/System/Library/Frameworks/OpenGL.framework/Versions/A/Libraries/libCoreVMClient.dylib
0x00000001a0698000 	/System/Library/PrivateFrameworks/GPUWrangler.framework/Versions/A/GPUWrangler
0x00000001a0678000 	/System/Library/PrivateFrameworks/IOPresentment.framework/Versions/A/IOPresentment
0x00000001a06a0000 	/System/Library/PrivateFrameworks/DSExternalDisplay.framework/Versions/A/DSExternalDisplay
0x0000000286a09000 	/System/Library/PrivateFrameworks/VideoToolboxParavirtualizationSupport.framework/Versions/A/VideoToolboxParavirtualizationSupport
0x000000019f7b2000 	/System/Library/PrivateFrameworks/AppleVA.framework/Versions/A/AppleVA
0x00000002355a0000 	/System/Library/Frameworks/ExtensionFoundation.framework/Versions/A/ExtensionFoundation
0x00000001a0705000 	/System/Library/PrivateFrameworks/CMCaptureCore.framework/Versions/A/CMCaptureCore
0x000000019fa7e000 	/System/Library/PrivateFrameworks/AppServerSupport.framework/Versions/A/AppServerSupport
0x00000001a2400000 	/System/Library/PrivateFrameworks/perfdata.framework/Versions/A/perfdata
0x0000000190b9d000 	/System/Library/PrivateFrameworks/AudioToolboxCore.framework/Versions/A/AudioToolboxCore
0x000000019a986000 	/System/Library/PrivateFrameworks/caulk.framework/Versions/A/caulk
0x00000001a1ffd000 	/usr/lib/libAudioStatistics.dylib
0x00000001ba337000 	/System/Library/PrivateFrameworks/SystemPolicy.framework/Versions/A/SystemPolicy
0x00000001a22a5000 	/usr/lib/libSMC.dylib
0x00000001c1c84000 	/usr/lib/swift/libswiftCoreMIDI.dylib
0x00000001ad616000 	/System/Library/Frameworks/CoreMIDI.framework/Versions/A/CoreMIDI
0x00000001a05c6000 	/usr/lib/libAudioToolboxUtility.dylib
0x00000001a240e000 	/usr/lib/libperfcheck.dylib
0x0000000242e2f000 	/System/Library/PrivateFrameworks/AudioAnalytics.framework/Versions/A/AudioAnalytics
0x00000001e11c1000 	/System/Library/Frameworks/OSLog.framework/Versions/A/OSLog
0x000000026bf0a000 	/System/Library/PrivateFrameworks/OSEligibility.framework/Versions/A/OSEligibility
0x0000000236984000 	/System/Library/Frameworks/LightweightCodeRequirements.framework/Versions/A/LightweightCodeRequirements
0x000000019f6fb000 	/System/Library/PrivateFrameworks/PlugInKit.framework/Versions/A/PlugInKit
0x000000019cfdc000 	/System/Library/PrivateFrameworks/AssertionServices.framework/Versions/A/AssertionServices
0x000000019f820000 	/System/Library/PrivateFrameworks/IconFoundation.framework/Versions/A/IconFoundation
0x000000025c77b000 	/System/Library/PrivateFrameworks/IconRendering.framework/Versions/A/IconRendering
0x00000002738e5000 	/System/Library/PrivateFrameworks/SFSymbols.framework/Versions/A/SFSymbols
0x000000019fa2e000 	/System/Library/PrivateFrameworks/GraphVisualizer.framework/Versions/A/GraphVisualizer
0x000000025020e000 	/System/Library/PrivateFrameworks/FontServices.framework/Versions/A/FontServices
0x000000019fa3e000 	/System/Library/PrivateFrameworks/OTSVG.framework/Versions/A/OTSVG
0x000000019853e000 	/System/Library/Frameworks/ApplicationServices.framework/Versions/A/Frameworks/ATS.framework/Versions/A/Resources/libFontRegistry.dylib
0x0000000291b83000 	/usr/lib/libhvf.dylib
0x000000026cb96000 	/System/Library/PrivateFrameworks/ParsingInternal.framework/Versions/A/ParsingInternal
0x0000000250212000 	/System/Library/PrivateFrameworks/FontServices.framework/libXTFontStaticRegistryData.dylib
0x000000019b9a2000 	/System/Library/Frameworks/MetalPerformanceShaders.framework/Versions/A/Frameworks/MPSCore.framework/Versions/A/MPSCore
0x000000019d7ac000 	/System/Library/Frameworks/MetalPerformanceShaders.framework/Versions/A/Frameworks/MPSImage.framework/Versions/A/MPSImage
0x000000019d16b000 	/System/Library/Frameworks/MetalPerformanceShaders.framework/Versions/A/Frameworks/MPSNeuralNetwork.framework/Versions/A/MPSNeuralNetwork
0x000000019d5aa000 	/System/Library/Frameworks/MetalPerformanceShaders.framework/Versions/A/Frameworks/MPSMatrix.framework/Versions/A/MPSMatrix
0x000000019d3c2000 	/System/Library/Frameworks/MetalPerformanceShaders.framework/Versions/A/Frameworks/MPSRayIntersector.framework/Versions/A/MPSRayIntersector
0x000000019d5dc000 	/System/Library/Frameworks/MetalPerformanceShaders.framework/Versions/A/Frameworks/MPSNDArray.framework/Versions/A/MPSNDArray
0x0000000237809000 	/System/Library/Frameworks/MetalPerformanceShaders.framework/Versions/A/Frameworks/MPSFunctions.framework/Versions/A/MPSFunctions
0x00000002377ea000 	/System/Library/Frameworks/MetalPerformanceShaders.framework/Versions/A/Frameworks/MPSBenchmarkLoop.framework/Versions/A/MPSBenchmarkLoop
0x000000023781d000 	/System/Library/Frameworks/MetalPerformanceShaders.framework/Versions/A/Frameworks/MPSHost.framework/Versions/A/MPSHost
0x000000018e8f7000 	/System/Library/PrivateFrameworks/MetalTools.framework/Versions/A/MetalTools
0x00000001c05c1000 	/System/Library/PrivateFrameworks/IOAccelMemoryInfo.framework/Versions/A/IOAccelMemoryInfo
0x00000001cead2000 	/System/Library/PrivateFrameworks/kperf.framework/Versions/A/kperf
0x00000001bb326000 	/System/Library/PrivateFrameworks/GPURawCounter.framework/Versions/A/GPURawCounter
0x00000001ac393000 	/System/Library/PrivateFrameworks/ASEProcessing.framework/Versions/A/ASEProcessing
0x00000001dcb7f000 	/System/Library/PrivateFrameworks/Symbolication.framework/Versions/A/Symbolication
0x0000000270043000 	/System/Library/PrivateFrameworks/PhotosensitivityProcessing.framework/Versions/A/PhotosensitivityProcessing
0x000000027396b000 	/System/Library/PrivateFrameworks/SILManager.framework/Versions/A/SILManager
0x00000001a8a3e000 	/System/Library/PrivateFrameworks/CoreSymbolication.framework/Versions/A/CoreSymbolication
0x00000001bb29b000 	/System/Library/PrivateFrameworks/MallocStackLogging.framework/Versions/A/MallocStackLogging
0x00000001a8a1c000 	/System/Library/PrivateFrameworks/DebugSymbols.framework/Versions/A/DebugSymbols
0x00000001cd245000 	/System/Library/PrivateFrameworks/OSAnalytics.framework/Versions/A/OSAnalytics
0x000000024df70000 	/System/Library/PrivateFrameworks/DeviceRecovery.framework/Versions/A/DeviceRecovery
0x0000000282299000 	/System/Library/PrivateFrameworks/Tightbeam.framework/Versions/A/Tightbeam
0x00000001d3909000 	/System/Library/PrivateFrameworks/AFKUser.framework/Versions/A/AFKUser
0x000000019dc1a000 	/System/Library/Frameworks/UserNotifications.framework/Versions/A/UserNotifications
0x00000001c0d56000 	/System/Library/PrivateFrameworks/SiriInstrumentation.framework/Versions/A/SiriInstrumentation
0x0000000275dc6000 	/System/Library/PrivateFrameworks/SiriAnalytics.framework/Versions/A/SiriAnalytics
0x00000001be4be000 	/System/Library/PrivateFrameworks/FeedbackLogger.framework/Versions/A/FeedbackLogger
0x00000001d8d49000 	/usr/lib/swift/libswiftAVFoundation.dylib
0x0000000284ac1000 	/System/Library/PrivateFrameworks/UnifiedAssetFramework.framework/Versions/A/UnifiedAssetFramework
0x00000001a1f7c000 	/System/Library/PrivateFrameworks/AudioSession.framework/Versions/A/AudioSession
0x000000019f93f000 	/System/Library/PrivateFrameworks/MediaExperience.framework/Versions/A/MediaExperience
0x00000001a1d51000 	/System/Library/PrivateFrameworks/AudioSession.framework/libSessionUtility.dylib
0x00000001a75c9000 	/System/Library/Frameworks/CoreBluetooth.framework/Versions/A/CoreBluetooth
0x000000019ce4f000 	/System/Library/PrivateFrameworks/CoreUtils.framework/Versions/A/CoreUtils
0x00000001b31cc000 	/System/Library/PrivateFrameworks/HID.framework/Versions/A/HID
0x000000024ce89000 	/System/Library/PrivateFrameworks/CoreUtilsExtras.framework/Versions/A/CoreUtilsExtras
0x000000025c6d0000 	/System/Library/PrivateFrameworks/IO80211.framework/Versions/A/IO80211
0x00000001a3f3f000 	/System/Library/Frameworks/IOBluetooth.framework/Versions/A/IOBluetooth
0x000000029285b000 	/usr/lib/swift/libswiftRegexBuilder.dylib
0x000000019f59b000 	/usr/lib/libIOReport.dylib
0x00000001e9720000 	/System/Library/PrivateFrameworks/WiFiPeerToPeer.framework/Versions/A/WiFiPeerToPeer
0x000000019cfeb000 	/System/Library/Frameworks/SecurityFoundation.framework/Versions/A/SecurityFoundation
0x000000024552b000 	/System/Library/PrivateFrameworks/Centauri.framework/Versions/A/Centauri
0x000000018f2db000 	/System/Library/PrivateFrameworks/Lexicon.framework/Versions/A/Lexicon
0x0000000291fd3000 	/usr/lib/libmrc.dylib
0x000000025c73b000 	/System/Library/PrivateFrameworks/IPConfiguration.framework/Versions/A/IPConfiguration
0x00000001dd356000 	/System/Library/PrivateFrameworks/Netrb.framework/Versions/A/Netrb
0x000000019d154000 	/usr/lib/libgermantok.dylib
0x000000019bb91000 	/System/Library/PrivateFrameworks/LinguisticData.framework/Versions/A/LinguisticData
0x00000001a77d2000 	/System/Library/PrivateFrameworks/MediaKit.framework/Versions/A/MediaKit
0x00000001a7720000 	/System/Library/Frameworks/DiscRecording.framework/Versions/A/DiscRecording
0x000000019f816000 	/usr/lib/libheimdal-asn1.dylib
0x00000001ab1fb000 	/System/Library/Frameworks/AudioUnit.framework/Versions/A/AudioUnit
0x0000000198856000 	/System/Library/Frameworks/OpenDirectory.framework/Versions/A/OpenDirectory
0x0000000198864000 	/System/Library/Frameworks/OpenDirectory.framework/Versions/A/Frameworks/CFOpenDirectory.framework/Versions/A/CFOpenDirectory
0x00000001a42e7000 	/System/Library/PrivateFrameworks/GeoServices.framework/Versions/A/GeoServices
0x00000001a1d17000 	/System/Library/PrivateFrameworks/LocationSupport.framework/Versions/A/LocationSupport
0x00000002593f7000 	/System/Library/PrivateFrameworks/GeoServicesCore.framework/Versions/A/GeoServicesCore
0x00000001b40d0000 	/System/Library/PrivateFrameworks/PhoneNumbers.framework/Versions/A/PhoneNumbers
0x0000000261b7f000 	/System/Library/PrivateFrameworks/LocationLogEncryption.framework/Versions/A/LocationLogEncryption
0x0000000233a91000 	/System/Library/Frameworks/AVFAudio.framework/Versions/A/AVFAudio
0x0000000233bd5000 	/System/Library/Frameworks/AVRouting.framework/Versions/A/AVRouting
0x00000001b41e8000 	/usr/lib/libAccessibility.dylib
0x0000000260569000 	/System/Library/PrivateFrameworks/IsolatedCoreAudioClient.framework/Versions/A/IsolatedCoreAudioClient
0x0000000248cc1000 	/System/Library/PrivateFrameworks/CoreAudioOrchestration.framework/Versions/A/CoreAudioOrchestration
0x00000001a0bed000 	/System/Library/Frameworks/MediaToolbox.framework/Versions/A/MediaToolbox
0x00000001a78f8000 	/System/Library/PrivateFrameworks/CoreAVCHD.framework/Versions/A/CoreAVCHD
0x00000001a6827000 	/System/Library/Frameworks/MediaAccessibility.framework/Versions/A/MediaAccessibility
0x00000001a78f4000 	/System/Library/PrivateFrameworks/Mangrove.framework/Versions/A/Mangrove
0x0000000244b67000 	/System/Library/PrivateFrameworks/CMPhoto.framework/Versions/A/CMPhoto
0x00000001a80c1000 	/System/Library/Frameworks/CoreTelephony.framework/Versions/A/CoreTelephony
0x00000001a78e7000 	/System/Library/PrivateFrameworks/CoreAUC.framework/Versions/A/CoreAUC
0x0000000241cd8000 	/System/Library/PrivateFrameworks/AppleJPEGXL.framework/Versions/A/AppleJPEGXL
0x00000001a2618000 	/usr/lib/libTelephonyUtilDynamic.dylib
0x00000001e42b2000 	/System/Library/Frameworks/CryptoKit.framework/Versions/A/CryptoKit
0x00000001ab1f6000 	/System/Library/PrivateFrameworks/CryptoKitCBridging.framework/Versions/A/CryptoKitCBridging
0x00000001a8705000 	/System/Library/Frameworks/CryptoTokenKit.framework/Versions/A/CryptoTokenKit
0x000000024d9e1000 	/System/Library/PrivateFrameworks/Dendrite.framework/Versions/A/Dendrite
0x00000001baece000 	/System/Library/Frameworks/NaturalLanguage.framework/Versions/A/NaturalLanguage
0x00000001e96a8000 	/usr/lib/swift/libswiftNaturalLanguage.dylib
0x000000024284e000 	/System/Library/PrivateFrameworks/AppleMobileFileIntegrity.framework/Versions/A/AppleMobileFileIntegrity
0x0000000291132000 	/usr/lib/libTLE.dylib
0x00000001bb2cd000 	/usr/lib/libmis.dylib
0x00000001f2daf000 	/System/Library/PrivateFrameworks/ConfigProfileHelper.framework/Versions/A/ConfigProfileHelper
0x00000001ab385000 	/System/Library/PrivateFrameworks/Espresso.framework/Versions/A/Espresso
0x0000000198fe5000 	/System/Library/Frameworks/CoreML.framework/Versions/A/CoreML
0x00000001e7565000 	/usr/lib/libedit.3.dylib
0x00000002308a0000 	/System/Library/PrivateFrameworks/ANECompiler.framework/Versions/A/ANECompiler
0x00000001ad45a000 	/System/Library/PrivateFrameworks/AppleNeuralEngine.framework/Versions/A/AppleNeuralEngine
0x0000000261c9d000 	/System/Library/PrivateFrameworks/MIL.framework/Versions/A/MIL
0x0000000237823000 	/System/Library/Frameworks/MetalPerformanceShadersGraph.framework/Versions/A/MetalPerformanceShadersGraph
0x000000026240c000 	/System/Library/PrivateFrameworks/MLCompilerServices.framework/Versions/A/MLCompilerServices
0x00000001ac1d7000 	/System/Library/PrivateFrameworks/ANEServices.framework/Versions/A/ANEServices
0x00000001c0584000 	/usr/lib/libncurses.5.4.dylib
0x0000000192492000 	/usr/lib/libsandbox.1.dylib
0x000000019f73c000 	/usr/lib/libMatch.1.dylib
0x000000026bc8c000 	/System/Library/PrivateFrameworks/ODIE.framework/Versions/A/ODIE
0x0000000265099000 	/System/Library/PrivateFrameworks/MLModelAsset.framework/Versions/A/MLModelAsset
0x00000002623b2000 	/System/Library/PrivateFrameworks/MLCompilerRuntime.framework/Versions/A/MLCompilerRuntime
0x000000019d417000 	/System/Library/Frameworks/MLCompute.framework/Versions/A/MLCompute
0x0000000262334000 	/System/Library/PrivateFrameworks/MLAssetIO.framework/Versions/A/MLAssetIO
0x000000029282d000 	/usr/lib/swift/libswiftMLCompute.dylib
0x00000001a82dc000 	/System/Library/PrivateFrameworks/AVFCore.framework/Versions/A/AVFCore
0x00000001b1aea000 	/System/Library/PrivateFrameworks/AVFCapture.framework/Versions/A/AVFCapture
0x000000024495e000 	/System/Library/PrivateFrameworks/CMImaging.framework/Versions/A/CMImaging
0x00000001b1d2c000 	/System/Library/PrivateFrameworks/Quagga.framework/Versions/A/Quagga
0x00000001b1e5d000 	/System/Library/PrivateFrameworks/CMCapture.framework/Versions/A/CMCapture
0x00000001a21a2000 	/System/Library/Frameworks/CoreMediaIO.framework/Versions/A/CoreMediaIO
0x0000000244899000 	/System/Library/PrivateFrameworks/CMCaptureDevice.framework/Versions/A/CMCaptureDevice
0x000000019fb77000 	/System/Library/PrivateFrameworks/CoreBrightness.framework/Versions/A/CoreBrightness
0x0000000245a22000 	/System/Library/PrivateFrameworks/CinematicFraming.framework/Versions/A/CinematicFraming
0x0000000268174000 	/System/Library/PrivateFrameworks/ModelManagerServices.framework/Versions/A/ModelManagerServices
0x00000001d5db3000 	/System/Library/PrivateFrameworks/CPMS.framework/Versions/A/CPMS
0x000000027f9c1000 	/System/Library/PrivateFrameworks/SystemStatus.framework/Versions/A/SystemStatus
0x00000001b9d0c000 	/System/Library/Frameworks/CoreMotion.framework/Versions/A/CoreMotion
0x00000001ca2d5000 	/System/Library/PrivateFrameworks/TimeSync.framework/Versions/A/TimeSync
0x000000024e3a7000 	/System/Library/PrivateFrameworks/DistributedSensing.framework/Versions/A/DistributedSensing
0x00000001c56cc000 	/System/Library/PrivateFrameworks/MobileBluetooth.framework/Versions/A/MobileBluetooth
0x00000001cbf92000 	/System/Library/PrivateFrameworks/IOKitten.framework/Versions/A/IOKitten
0x0000000241b52000 	/System/Library/PrivateFrameworks/AppleIntelligenceReporting.framework/Versions/A/AppleIntelligenceReporting
0x000000019cd5e000 	/System/Library/PrivateFrameworks/CoreEmoji.framework/Versions/A/CoreEmoji
0x000000018f5ed000 	/usr/lib/libCRFSuite.dylib
0x00000001908cd000 	/System/Library/PrivateFrameworks/LanguageModeling.framework/Versions/A/LanguageModeling
0x000000019ba71000 	/System/Library/PrivateFrameworks/CoreNLP.framework/Versions/A/CoreNLP
0x0000000195843000 	/System/Library/PrivateFrameworks/Montreal.framework/Versions/A/Montreal
0x000000019dece000 	/usr/lib/libcmph.dylib
0x000000019d0f5000 	/usr/lib/libmecab.dylib
0x000000019e03f000 	/usr/lib/libThaiTokenizer.dylib
0x00000002591dc000 	/System/Library/PrivateFrameworks/GenerativeModelsFoundation.framework/Versions/A/GenerativeModelsFoundation
0x000000028279e000 	/System/Library/PrivateFrameworks/TokenGeneration.framework/Versions/A/TokenGeneration
0x0000000258fb0000 	/System/Library/PrivateFrameworks/GenerativeFunctions.framework/Versions/A/GenerativeFunctions
0x0000000258ffe000 	/System/Library/PrivateFrameworks/GenerativeFunctionsFoundation.framework/Versions/A/GenerativeFunctionsFoundation
0x0000000267e3a000 	/System/Library/PrivateFrameworks/ModelCatalog.framework/Versions/A/ModelCatalog
0x0000000274fe0000 	/System/Library/PrivateFrameworks/SensitiveContentAnalysisML.framework/Versions/A/SensitiveContentAnalysisML
0x0000000259094000 	/System/Library/PrivateFrameworks/GenerativeFunctionsInstrumentation.framework/Versions/A/GenerativeFunctionsInstrumentation
0x0000000271e58000 	/System/Library/PrivateFrameworks/PromptKit.framework/Versions/A/PromptKit
0x000000027186f000 	/System/Library/PrivateFrameworks/ProactiveDaemonSupport.framework/Versions/A/ProactiveDaemonSupport
0x00000002829d6000 	/System/Library/PrivateFrameworks/TokenGenerationCore.framework/Versions/A/TokenGenerationCore
0x00000001bbd99000 	/System/Library/PrivateFrameworks/Trial.framework/Versions/A/Trial
0x00000001bbd1a000 	/System/Library/PrivateFrameworks/TrialProto.framework/Versions/A/TrialProto
0x000000024177e000 	/System/Library/PrivateFrameworks/AppleFlatBuffers.framework/Versions/A/AppleFlatBuffers
0x00000002752b0000 	/System/Library/PrivateFrameworks/SentencePieceInternal.framework/Versions/A/SentencePieceInternal
0x00000001a6881000 	/System/Library/Frameworks/Vision.framework/Versions/A/Vision
0x000000024cb6b000 	/System/Library/PrivateFrameworks/CoreSceneUnderstanding.framework/Versions/A/CoreSceneUnderstanding
0x0000000287616000 	/System/Library/PrivateFrameworks/VisionCore.framework/Versions/A/VisionCore
0x00000001c465a000 	/System/Library/Frameworks/Vision.framework/libfaceCore.dylib
0x00000001c5174000 	/System/Library/PrivateFrameworks/Futhark.framework/Versions/A/Futhark
0x00000001c90b2000 	/System/Library/PrivateFrameworks/InertiaCam.framework/Versions/A/InertiaCam
0x00000001c4f01000 	/System/Library/PrivateFrameworks/TextRecognition.framework/Versions/A/TextRecognition
0x000000019f5d9000 	/System/Library/PrivateFrameworks/CVNLP.framework/Versions/A/CVNLP
0x00000001e16aa000 	/System/Library/PrivateFrameworks/HIDDisplay.framework/Versions/A/HIDDisplay
0x00000001a06d1000 	/System/Library/Frameworks/ApplicationServices.framework/Versions/A/Frameworks/ATSUI.framework/Versions/A/ATSUI
0x00000001a2386000 	/usr/lib/libcups.2.dylib
0x00000001a241c000 	/System/Library/Frameworks/Kerberos.framework/Versions/A/Kerberos
0x00000001a208d000 	/usr/lib/libresolv.9.dylib
0x000000019fa92000 	/System/Library/PrivateFrameworks/Heimdal.framework/Versions/A/Heimdal
0x00000001ab1fa000 	/System/Library/Frameworks/Kerberos.framework/Versions/A/Libraries/libHeimdalProxy.dylib
0x00000001a2480000 	/System/Library/PrivateFrameworks/CommonAuth.framework/Versions/A/CommonAuth
0x00000001b40dc000 	/System/Library/PrivateFrameworks/AXCoreUtilities.framework/Versions/A/AXCoreUtilities
0x0000000290c33000 	/usr/lib/libAXSafeCategoryBundle.dylib
0x000000023bbae000 	/System/Library/Frameworks/TabularData.framework/Versions/A/TabularData
0x00000002429fe000 	/System/Library/PrivateFrameworks/ArgumentParserInternal.framework/Versions/A/ArgumentParserInternal
0x000000019cc20000 	/System/Library/Frameworks/Accelerate.framework/Versions/A/Frameworks/vecLib.framework/Versions/A/libvDSP.dylib
0x000000019e18e000 	/System/Library/Frameworks/Accelerate.framework/Versions/A/Frameworks/vecLib.framework/Versions/A/libLAPACK.dylib
0x000000019d157000 	/System/Library/Frameworks/Accelerate.framework/Versions/A/Frameworks/vecLib.framework/Versions/A/libLinearAlgebra.dylib
0x000000019e085000 	/System/Library/Frameworks/Accelerate.framework/Versions/A/Frameworks/vecLib.framework/Versions/A/libSparseBLAS.dylib
0x000000019e189000 	/System/Library/Frameworks/Accelerate.framework/Versions/A/Frameworks/vecLib.framework/Versions/A/libQuadrature.dylib
0x000000019bb98000 	/System/Library/Frameworks/Accelerate.framework/Versions/A/Frameworks/vecLib.framework/Versions/A/libBNNS.dylib
0x000000018f3eb000 	/System/Library/Frameworks/Accelerate.framework/Versions/A/Frameworks/vecLib.framework/Versions/A/libSparse.dylib
0x00000001a23e5000 	/System/Library/PrivateFrameworks/NetAuth.framework/Versions/A/NetAuth
0x0000000198a7a000 	/System/Library/PrivateFrameworks/login.framework/Versions/A/Frameworks/loginsupport.framework/Versions/A/loginsupport
0x000000019d0bf000 	/usr/lib/libCheckFix.dylib
0x0000000197c00000 	/System/Library/PrivateFrameworks/MetadataUtilities.framework/Versions/A/MetadataUtilities
0x000000025d1c2000 	/System/Library/PrivateFrameworks/InstalledContentLibrary.framework/Versions/A/InstalledContentLibrary
0x0000000192356000 	/System/Library/PrivateFrameworks/CoreServicesStore.framework/Versions/A/CoreServicesStore
0x00000001cebe9000 	/System/Library/PrivateFrameworks/MobileSystemServices.framework/Versions/A/MobileSystemServices
0x000000019f45e000 	/usr/lib/libxslt.1.dylib
0x000000019d07e000 	/System/Library/PrivateFrameworks/BackgroundTaskManagement.framework/Versions/A/BackgroundTaskManagement
0x00000001aa88c000 	/usr/lib/libcurl.4.dylib
0x0000000291937000 	/usr/lib/libcrypto.46.dylib
0x00000002924d6000 	/usr/lib/libssl.48.dylib
0x00000001aa566000 	/System/Library/Frameworks/LDAP.framework/Versions/A/LDAP
0x00000001aa5a2000 	/System/Library/PrivateFrameworks/TrustEvaluationAgent.framework/Versions/A/TrustEvaluationAgent
0x00000001a20aa000 	/usr/lib/libsasl2.2.dylib
0x00000001b81e1000 	/usr/lib/swift/libswiftCoreGraphics.dylib
0x00000001a6f1b000 	/usr/lib/swift/libswiftFoundation.dylib
0x00000001f2753000 	/usr/lib/swift/libswiftSwiftOnoneSupport.dylib
0x0000000292b84000 	/usr/lib/swift/libswiftsys_time.dylib
0x00000001dd394000 	/System/Library/PrivateFrameworks/CoreMaterial.framework/Versions/A/CoreMaterial
0x000000029112f000 	/usr/lib/libSpatial.dylib
0x0000000290b50000 	/System/Library/SubFrameworks/UIUtilities.framework/Versions/A/UIUtilities
0x0000000100b18000 	/Users/sahilkashyap/AndroidStudioProjects/Zillit/desktopApp/build/compose/binaries/main/app/Zillit.app/Contents/runtime/Contents/Home/lib/libjli.dylib
0x000000010a960000 	/Users/sahilkashyap/AndroidStudioProjects/Zillit/desktopApp/build/compose/binaries/main/app/Zillit.app/Contents/runtime/Contents/Home/lib/server/libjvm.dylib
0x0000000100b3c000 	/Users/sahilkashyap/AndroidStudioProjects/Zillit/desktopApp/build/compose/binaries/main/app/Zillit.app/Contents/runtime/Contents/Home/lib/libjimage.dylib
0x0000000100bc0000 	/Users/sahilkashyap/AndroidStudioProjects/Zillit/desktopApp/build/compose/binaries/main/app/Zillit.app/Contents/runtime/Contents/Home/lib/libjava.dylib
0x0000000100cfc000 	/Users/sahilkashyap/AndroidStudioProjects/Zillit/desktopApp/build/compose/binaries/main/app/Zillit.app/Contents/runtime/Contents/Home/lib/libnio.dylib
0x0000000100f78000 	/Users/sahilkashyap/AndroidStudioProjects/Zillit/desktopApp/build/compose/binaries/main/app/Zillit.app/Contents/runtime/Contents/Home/lib/libnet.dylib
0x0000000105794000 	/Users/sahilkashyap/AndroidStudioProjects/Zillit/desktopApp/build/compose/binaries/main/app/Zillit.app/Contents/runtime/Contents/Home/lib/libzip.dylib
0x000000010a088000 	/Users/sahilkashyap/AndroidStudioProjects/Zillit/desktopApp/build/compose/binaries/main/app/Zillit.app/Contents/runtime/Contents/Home/lib/libawt.dylib
0x000000010a130000 	/Users/sahilkashyap/AndroidStudioProjects/Zillit/desktopApp/build/compose/binaries/main/app/Zillit.app/Contents/runtime/Contents/Home/lib/libmlib_image.dylib
0x000000023697b000 	/System/Library/Frameworks/JavaRuntimeSupport.framework/Versions/A/JavaRuntimeSupport
0x00000001b9d0b000 	/System/Library/Frameworks/Carbon.framework/Versions/A/Carbon
0x00000001aff0a000 	/System/Library/Frameworks/Carbon.framework/Versions/A/Frameworks/CommonPanels.framework/Versions/A/CommonPanels
0x00000001aa877000 	/System/Library/Frameworks/Carbon.framework/Versions/A/Frameworks/Help.framework/Versions/A/Help
0x00000001aff0e000 	/System/Library/Frameworks/Carbon.framework/Versions/A/Frameworks/ImageCapture.framework/Versions/A/ImageCapture
0x00000001afee9000 	/System/Library/Frameworks/Carbon.framework/Versions/A/Frameworks/OpenScripting.framework/Versions/A/OpenScripting
0x00000001aff09000 	/System/Library/Frameworks/Carbon.framework/Versions/A/Frameworks/Ink.framework/Versions/A/Ink
0x00000001aff06000 	/System/Library/Frameworks/Carbon.framework/Versions/A/Frameworks/SecurityHI.framework/Versions/A/SecurityHI
0x0000000290fa3000 	/usr/lib/libInterpreterSecurity.dylib
0x00000001d0965000 	/System/Library/PrivateFrameworks/XprotectFramework.framework/Versions/A/XprotectFramework
0x00000001b34ed000 	/System/Library/PrivateFrameworks/yara.framework/Versions/A/yara
0x0000000290f20000 	/usr/lib/libEndpointSecuritySystem.dylib
0x000000010a340000 	/Users/sahilkashyap/AndroidStudioProjects/Zillit/desktopApp/build/compose/binaries/main/app/Zillit.app/Contents/runtime/Contents/Home/lib/libawt_lwawt.dylib
0x000000010a000000 	/Users/sahilkashyap/AndroidStudioProjects/Zillit/desktopApp/build/compose/binaries/main/app/Zillit.app/Contents/runtime/Contents/Home/lib/libosxapp.dylib
0x00000001b824a000 	/System/Library/Frameworks/ExceptionHandling.framework/Versions/A/ExceptionHandling
0x000000010a4dc000 	/Users/sahilkashyap/AndroidStudioProjects/Zillit/desktopApp/build/compose/binaries/main/app/Zillit.app/Contents/runtime/Contents/Home/lib/libfontmanager.dylib
0x000000010a24c000 	/Users/sahilkashyap/AndroidStudioProjects/Zillit/desktopApp/build/compose/binaries/main/app/Zillit.app/Contents/runtime/Contents/Home/lib/libfreetype.dylib
0x0000000233d45000 	/System/Library/Frameworks/AppIntents.framework/Versions/A/AppIntents
0x000000023a306000 	/System/Library/Frameworks/RelevanceKit.framework/Versions/A/RelevanceKit
0x000000019dc6b000 	/System/Library/Frameworks/CoreSpotlight.framework/Versions/A/CoreSpotlight
0x00000002616f4000 	/System/Library/PrivateFrameworks/LinkServices.framework/Versions/A/LinkServices
0x00000001a71e0000 	/System/Library/Frameworks/Contacts.framework/Versions/A/Contacts
0x00000002403c8000 	/System/Library/PrivateFrameworks/AppIntentsTypeSupport.framework/Versions/A/AppIntentsTypeSupport
0x000000024e4a3000 	/System/Library/PrivateFrameworks/DoNotDisturb.framework/Versions/A/DoNotDisturb
0x0000000261542000 	/System/Library/PrivateFrameworks/LinkMetadata.framework/Versions/A/LinkMetadata
0x00000001bb351000 	/usr/lib/swift/libswiftIntents.dylib
0x00000001c06de000 	/System/Library/PrivateFrameworks/IntentsCore.framework/Versions/A/IntentsCore
0x000000024330e000 	/System/Library/PrivateFrameworks/AvailabilityKit.framework/Versions/A/AvailabilityKit
0x000000023ffab000 	/System/Library/PrivateFrameworks/AppIntentSchemas.framework/Versions/A/AppIntentSchemas
0x0000000235e92000 	/System/Library/Frameworks/GeoToolbox.framework/Versions/A/GeoToolbox
0x0000000255e42000 	/System/Library/PrivateFrameworks/GRDBInternal.framework/Versions/A/GRDBInternal
0x000000027e52d000 	/System/Library/PrivateFrameworks/StatusKit.framework/Versions/A/StatusKit
0x00000001a6ff7000 	/System/Library/PrivateFrameworks/ContactsPersistence.framework/Versions/A/ContactsPersistence
0x00000001a614b000 	/System/Library/PrivateFrameworks/AppleLDAP.framework/Versions/A/AppleLDAP
0x00000001aac2a000 	/System/Library/Frameworks/ClassKit.framework/Versions/A/ClassKit
0x00000001aced9000 	/System/Library/PrivateFrameworks/CoreSuggestions.framework/Versions/A/CoreSuggestions
0x00000001a6f1c000 	/System/Library/PrivateFrameworks/ContactsFoundation.framework/Versions/A/ContactsFoundation
0x00000001a86b3000 	/System/Library/PrivateFrameworks/vCard.framework/Versions/A/vCard
0x0000000246e73000 	/System/Library/PrivateFrameworks/ContactsMetrics.framework/Versions/A/ContactsMetrics
0x000000019fb53000 	/System/Library/PrivateFrameworks/login.framework/Versions/A/login
0x0000000265b28000 	/System/Library/PrivateFrameworks/ManagedOrganizationContacts.framework/Versions/A/ManagedOrganizationContacts
0x0000000198f10000 	/System/Library/PrivateFrameworks/CloudDocs.framework/Versions/A/CloudDocs
0x00000001b3a90000 	/System/Library/PrivateFrameworks/ProactiveEventTracker.framework/Versions/A/ProactiveEventTracker
0x00000001a7afd000 	/System/Library/PrivateFrameworks/GenerationalStorage.framework/Versions/A/GenerationalStorage
0x00000001a2576000 	/System/Library/PrivateFrameworks/CacheDelete.framework/Versions/A/CacheDelete
0x00000001ab337000 	/System/Library/Frameworks/QuickLookThumbnailing.framework/Versions/A/QuickLookThumbnailing
0x00000001a7926000 	/System/Library/Frameworks/FileProvider.framework/Versions/A/FileProvider
0x0000000193de2000 	/System/Library/PrivateFrameworks/DesktopServicesPriv.framework/Versions/A/DesktopServicesPriv
0x00000001badac000 	/System/Library/PrivateFrameworks/FTServices.framework/Versions/A/FTServices
0x00000001b3181000 	/System/Library/PrivateFrameworks/CloudServices.framework/Versions/A/CloudServices
0x000000019a3ca000 	/System/Library/Frameworks/CoreLocation.framework/Versions/A/CoreLocation
0x00000001a99b7000 	/System/Library/Frameworks/Intents.framework/Versions/A/Intents
0x000000019d893000 	/System/Library/PrivateFrameworks/AuthKit.framework/Versions/A/AuthKit
0x00000001c1c62000 	/usr/lib/swift/libswiftCoreLocation.dylib
0x00000001a3b36000 	/System/Library/PrivateFrameworks/Sharing.framework/Versions/A/Sharing
0x00000001a34bb000 	/System/Library/PrivateFrameworks/IDSFoundation.framework/Versions/A/IDSFoundation
0x00000001aa030000 	/System/Library/PrivateFrameworks/Apple80211.framework/Versions/A/Apple80211
0x000000019cdcc000 	/System/Library/Frameworks/CoreWLAN.framework/Versions/A/CoreWLAN
0x00000001a1c9e000 	/System/Library/PrivateFrameworks/IMFoundation.framework/Versions/A/IMFoundation
0x00000001b34ec000 	/System/Library/PrivateFrameworks/Marco.framework/Versions/A/Marco
0x00000001961ac000 	/System/Library/PrivateFrameworks/CommonUtilities.framework/Versions/A/CommonUtilities
0x00000001afed1000 	/System/Library/PrivateFrameworks/Engram.framework/Versions/A/Engram
0x000000028b482000 	/System/Library/PrivateFrameworks/XPCDistributed.framework/Versions/A/XPCDistributed
0x00000001afe6f000 	/usr/lib/libtidy.A.dylib
0x000000019fda6000 	/System/Library/PrivateFrameworks/Bom.framework/Versions/A/Bom
0x00000001a20ca000 	/usr/lib/libParallelCompression.dylib
0x00000001a20bd000 	/System/Library/PrivateFrameworks/MultiverseSupport.framework/Versions/A/MultiverseSupport
0x00000001a7804000 	/System/Library/PrivateFrameworks/DiskManagement.framework/Versions/A/DiskManagement
0x00000001a7713000 	/System/Library/PrivateFrameworks/AppleIDAuthSupport.framework/Versions/A/AppleIDAuthSupport
0x000000023d445000 	/System/Library/PrivateFrameworks/AAAFoundation.framework/Versions/A/AAAFoundation
0x00000001a25c5000 	/System/Library/PrivateFrameworks/KeychainCircle.framework/Versions/A/KeychainCircle
0x00000001b40d2000 	/System/Library/PrivateFrameworks/URLFormatting.framework/Versions/A/URLFormatting
0x00000001aa880000 	/usr/lib/libcsfde.dylib
0x000000019f744000 	/usr/lib/libCoreStorage.dylib
0x00000001a4015000 	/System/Library/PrivateFrameworks/ProtectedCloudStorage.framework/Versions/A/ProtectedCloudStorage
0x00000001aa87b000 	/System/Library/PrivateFrameworks/EFILogin.framework/Versions/A/EFILogin
0x00000001a7b24000 	/System/Library/PrivateFrameworks/OctagonTrust.framework/Versions/A/OctagonTrust
0x00000001a3295000 	/System/Library/PrivateFrameworks/IDS.framework/Versions/A/IDS
0x00000001a8787000 	/System/Library/Frameworks/LocalAuthentication.framework/Versions/A/LocalAuthentication
0x0000000261932000 	/System/Library/PrivateFrameworks/LocalAuthenticationCore.framework/Versions/A/LocalAuthenticationCore
0x0000000261afa000 	/System/Library/PrivateFrameworks/LocalAuthenticationCredentialServices.framework/Versions/A/LocalAuthenticationCredentialServices
0x00000001a87f4000 	/System/Library/Frameworks/LocalAuthentication.framework/Support/SharedUtils.framework/Versions/A/SharedUtils
0x0000000242cb9000 	/System/Library/PrivateFrameworks/AsyncAlgorithmsInternal.framework/Versions/A/AsyncAlgorithmsInternal
0x00000001c9d40000 	/System/Library/PrivateFrameworks/FTAWD.framework/Versions/A/FTAWD
0x00000001ab2bf000 	/System/Library/PrivateFrameworks/IntentsFoundation.framework/Versions/A/IntentsFoundation
0x0000000198a7d000 	/System/Library/PrivateFrameworks/ApplePushService.framework/Versions/A/ApplePushService
0x0000000198ae8000 	/System/Library/Frameworks/CloudKit.framework/Versions/A/CloudKit
0x00000001d1d72000 	/System/Library/PrivateFrameworks/DeviceIdentity.framework/Versions/A/DeviceIdentity
0x000000023a790000 	/System/Library/Frameworks/SharedWithYouCore.framework/Versions/A/SharedWithYouCore
0x0000000246301000 	/System/Library/PrivateFrameworks/CloudTelemetry.framework/Versions/A/CloudTelemetry
0x00000001aacf2000 	/System/Library/PrivateFrameworks/AppleAccount.framework/Versions/A/AppleAccount
0x00000001ab2da000 	/System/Library/PrivateFrameworks/C2.framework/Versions/A/C2
0x0000000245f55000 	/System/Library/PrivateFrameworks/CloudCoreInternal.framework/Versions/A/CloudCoreInternal
0x0000000245cbd000 	/System/Library/PrivateFrameworks/CloudAsset.framework/Versions/A/CloudAsset
0x00000001ab2d0000 	/System/Library/Frameworks/PushKit.framework/Versions/A/PushKit
0x0000000246326000 	/System/Library/PrivateFrameworks/CloudTelemetryTools.framework/Versions/A/CloudTelemetryTools
0x0000000246317000 	/System/Library/PrivateFrameworks/CloudTelemetryShared.dylib
0x00000001ad1b0000 	/System/Library/PrivateFrameworks/RTCReporting.framework/Versions/A/RTCReporting
0x000000023d468000 	/System/Library/PrivateFrameworks/AAAFoundationSwift.framework/Versions/A/AAAFoundationSwift
0x00000001aaf78000 	/System/Library/PrivateFrameworks/AppleIDSSOAuthentication.framework/Versions/A/AppleIDSSOAuthentication
0x0000000198717000 	/System/Library/PrivateFrameworks/ViewBridge.framework/Versions/A/ViewBridge
0x000000023ca1b000 	/System/Library/Frameworks/_AppIntents_AppKit.framework/Versions/A/_AppIntents_AppKit
0x000000010a310000 	/usr/lib/libobjc-trampolines.dylib
0x0000000290c37000 	/usr/lib/libAccessibilityBaseImplementations.dylib
0x000000028af80000 	/System/Library/PrivateFrameworks/WritingToolsUI.framework/Versions/A/WritingToolsUI
0x0000000258dcb000 	/System/Library/PrivateFrameworks/GenerativeAssistantSettings.framework/Versions/A/GenerativeAssistantSettings
0x000000028029a000 	/System/Library/PrivateFrameworks/TextComposer.framework/Versions/A/TextComposer
0x0000000258d9e000 	/System/Library/PrivateFrameworks/GenerativeAssistantCommon.framework/Versions/A/GenerativeAssistantCommon
0x00000001c2d5b000 	/System/Library/Frameworks/SwiftUI.framework/Versions/A/SwiftUI
0x000000023fcc8000 	/System/Library/PrivateFrameworks/Anvil.framework/Versions/A/Anvil
0x0000000259252000 	/System/Library/PrivateFrameworks/GenerativePartnerService.framework/Versions/A/GenerativePartnerService
0x000000025927d000 	/System/Library/PrivateFrameworks/GenerativePartnerServiceUI.framework/Versions/A/GenerativePartnerServiceUI
0x00000001baf48000 	/System/Library/Frameworks/SafariServices.framework/Versions/A/SafariServices
0x00000001b82da000 	/System/Library/Frameworks/WebKit.framework/Versions/A/WebKit
0x000000023ca5a000 	/System/Library/Frameworks/_AuthenticationServices_SwiftUI.framework/Versions/A/_AuthenticationServices_SwiftUI
0x00000001c22da000 	/System/Library/PrivateFrameworks/AppStoreDaemon.framework/Versions/A/AppStoreDaemon
0x00000001ad85f000 	/System/Library/PrivateFrameworks/AppleMediaServices.framework/Versions/A/AppleMediaServices
0x00000001be4ed000 	/System/Library/PrivateFrameworks/AppleMediaServicesUI.framework/Versions/A/AppleMediaServicesUI
0x00000001f1cad000 	/System/Library/PrivateFrameworks/JetEngine.framework/Versions/A/JetEngine
0x00000001bbc2a000 	/System/Library/PrivateFrameworks/OnBoardingKit.framework/Versions/A/OnBoardingKit
0x00000002755f1000 	/System/Library/PrivateFrameworks/Settings.framework/Versions/A/Settings
0x0000000235714000 	/System/Library/Frameworks/ExtensionKit.framework/Versions/A/ExtensionKit
0x0000000235757000 	/System/Library/Frameworks/FSKit.framework/Versions/A/FSKit
0x0000000280176000 	/System/Library/PrivateFrameworks/TextAnimationSupport.framework/Versions/A/TextAnimationSupport
0x000000027271e000 	/System/Library/PrivateFrameworks/RecapPerformanceTesting.framework/Versions/A/RecapPerformanceTesting
0x00000001bbc1a000 	/System/Library/PrivateFrameworks/SignpostCollection.framework/Versions/A/SignpostCollection
0x00000001ad1e1000 	/System/Library/Frameworks/WebKit.framework/Versions/A/Frameworks/WebKitLegacy.framework/Versions/A/WebKitLegacy
0x00000001aafc9000 	/System/Library/PrivateFrameworks/CorePrediction.framework/Versions/A/CorePrediction
0x000000019981f000 	/System/Library/Frameworks/WebKit.framework/Versions/A/Frameworks/WebCore.framework/Versions/A/Frameworks/libwebrtc.dylib
0x00000001a2132000 	/System/Library/Frameworks/SecurityInterface.framework/Versions/A/SecurityInterface
0x00000001bbc29000 	/System/Library/PrivateFrameworks/WebInspectorUI.framework/Versions/A/WebInspectorUI
0x00000001aff11000 	/System/Library/Frameworks/JavaScriptCore.framework/Versions/A/JavaScriptCore
0x00000001b421f000 	/System/Library/Frameworks/WebKit.framework/Versions/A/Frameworks/WebCore.framework/Versions/A/WebCore
0x0000000234816000 	/System/Library/Frameworks/BrowserEngineCore.framework/Versions/A/BrowserEngineCore
0x000000023c5d1000 	/System/Library/Frameworks/WebKit.framework/Versions/A/Frameworks/WebCore.framework/Versions/A/Frameworks/libANGLE-shared.dylib
0x00000002897cb000 	/System/Library/PrivateFrameworks/WebGPU.framework/Versions/A/WebGPU
0x00000001bdb68000 	/System/Library/Frameworks/SceneKit.framework/Versions/A/SceneKit
0x00000001cf4a6000 	/System/Library/Frameworks/ModelIO.framework/Versions/A/ModelIO
0x00000001a4115000 	/System/Library/Frameworks/MetalKit.framework/Versions/A/MetalKit
0x00000001a6459000 	/System/Library/Frameworks/GLKit.framework/Versions/A/GLKit
0x0000000292ed7000 	/usr/lib/usd/libusd_ms.dylib
0x0000000284987000 	/System/Library/PrivateFrameworks/USDLib_FormatLoaderProxy.framework/Versions/A/USDLib_FormatLoaderProxy
0x0000000292b7f000 	/usr/lib/swift/libswift_errno.dylib
0x00000001bad8d000 	/System/Library/PrivateFrameworks/CoreOptimization.framework/Versions/A/CoreOptimization
0x00000002431bb000 	/System/Library/PrivateFrameworks/AuthenticationServicesCore.framework/Versions/A/AuthenticationServicesCore
0x00000001c570c000 	/System/Library/Frameworks/AuthenticationServices.framework/Versions/A/AuthenticationServices
0x000000019f6d7000 	/System/Library/PrivateFrameworks/SharedWebCredentials.framework/Versions/A/SharedWebCredentials
0x00000001bcaf4000 	/System/Library/PrivateFrameworks/SafariCore.framework/Versions/A/SafariCore
0x00000001c521d000 	/System/Library/PrivateFrameworks/SafariFoundation.framework/Versions/A/SafariFoundation
0x000000024450e000 	/System/Library/PrivateFrameworks/CBORLibrary.framework/Versions/A/CBORLibrary
0x0000000245570000 	/System/Library/PrivateFrameworks/Chirp.framework/Versions/A/Chirp
0x00000002461c4000 	/System/Library/PrivateFrameworks/CloudSubscriptionFeatures.framework/Versions/A/CloudSubscriptionFeatures
0x00000001f30ee000 	/System/Library/PrivateFrameworks/RemoteManagement.framework/Versions/A/RemoteManagement
0x0000000272b0d000 	/System/Library/PrivateFrameworks/RemoteManagementModel.framework/Versions/A/RemoteManagementModel
0x0000000272b9e000 	/System/Library/PrivateFrameworks/RemoteManagementStore.framework/Versions/A/RemoteManagementStore
0x00000001a4134000 	/usr/lib/libxcselect.dylib
0x00000001c518c000 	/System/Library/PrivateFrameworks/DifferentialPrivacy.framework/Versions/A/DifferentialPrivacy
0x0000000265b2e000 	/System/Library/PrivateFrameworks/ManagedSettingsObjC.framework/Versions/A/ManagedSettingsObjC
0x00000001ac3b8000 	/System/Library/PrivateFrameworks/ConfigurationProfiles.framework/Versions/A/ConfigurationProfiles
0x0000000261b84000 	/System/Library/PrivateFrameworks/LockdownMode.framework/Versions/A/LockdownMode
0x0000000285649000 	/System/Library/PrivateFrameworks/VDAF.framework/Versions/A/VDAF
0x00000001a6840000 	/System/Library/PrivateFrameworks/SystemAdministration.framework/Versions/A/SystemAdministration
0x00000001b19f1000 	/System/Library/PrivateFrameworks/PowerlogControl.framework/Versions/A/PowerlogControl
0x00000001b19f3000 	/usr/lib/libUniversalAccess.dylib
0x00000001ae32f000 	/System/Library/PrivateFrameworks/FamilyControls.framework/Versions/A/FamilyControls
0x00000001a611f000 	/System/Library/Frameworks/DirectoryService.framework/Versions/A/DirectoryService
0x00000001aa90d000 	/System/Library/PrivateFrameworks/LoginUIKit.framework/Versions/A/Frameworks/LoginUICore.framework/Versions/A/LoginUICore
0x000000019fda4000 	/usr/lib/libodfde.dylib
0x00000001ae329000 	/System/Library/PrivateFrameworks/UniversalAccess.framework/Versions/A/Libraries/libUAPreferences.dylib
0x00000001ae351000 	/System/Library/PrivateFrameworks/CommerceKit.framework/Versions/A/Frameworks/CommerceCore.framework/Versions/A/CommerceCore
0x00000001a216c000 	/System/Library/PrivateFrameworks/CoreFollowUp.framework/Versions/A/CoreFollowUp
0x000000024d541000 	/System/Library/PrivateFrameworks/DMCUtilities.framework/Versions/A/DMCUtilities
0x0000000261c13000 	/System/Library/PrivateFrameworks/MDMClientLibrary.framework/Versions/A/MDMClientLibrary
0x0000000272b92000 	/System/Library/PrivateFrameworks/RemoteManagementProtocol.framework/Versions/A/RemoteManagementProtocol
0x000000024d4a3000 	/System/Library/PrivateFrameworks/DEPClientLibrary.framework/Versions/A/DEPClientLibrary
0x000000024d4d0000 	/System/Library/PrivateFrameworks/DMCEnrollmentLibrary.framework/Versions/A/DMCEnrollmentLibrary
0x00000001b1ad8000 	/System/Library/PrivateFrameworks/SetupAssistantFramework.framework/Versions/A/SetupAssistantFramework
0x00000001ab01f000 	/System/Library/PrivateFrameworks/AuthKitUI.framework/Versions/A/AuthKitUI
0x00000001aa957000 	/System/Library/PrivateFrameworks/AppSSO.framework/Versions/A/AppSSO
0x00000001c202d000 	/System/Library/PrivateFrameworks/LocalAuthenticationUI.framework/Versions/A/LocalAuthenticationUI
0x00000002700a7000 	/System/Library/PrivateFrameworks/PlatformSSO.framework/Versions/A/PlatformSSO
0x0000000270195000 	/System/Library/PrivateFrameworks/PlatformSSOCore.framework/Versions/A/PlatformSSOCore
0x0000000236a0b000 	/System/Library/Frameworks/LocalAuthenticationEmbeddedUI.framework/Versions/A/LocalAuthenticationEmbeddedUI
0x00000001c2b25000 	/System/Library/PrivateFrameworks/AOSUI.framework/Versions/A/AOSUI
0x00000001b3851000 	/System/Library/Frameworks/ContactsUI.framework/Versions/A/ContactsUI
0x00000001a749f000 	/System/Library/PrivateFrameworks/FamilyCircle.framework/Versions/A/FamilyCircle
0x00000001d0d74000 	/System/Library/Frameworks/LinkPresentation.framework/Versions/A/LinkPresentation
0x00000001b33d1000 	/System/Library/PrivateFrameworks/IASUtilities.framework/Versions/A/IASUtilities
0x000000025c605000 	/System/Library/PrivateFrameworks/IASUtilitiesCore.framework/Versions/A/IASUtilitiesCore
0x0000000272c07000 	/System/Library/PrivateFrameworks/RemoteUI.framework/Versions/A/RemoteUI
0x0000000260e97000 	/System/Library/PrivateFrameworks/LiftUI.framework/Versions/A/LiftUI
0x000000028b5a7000 	/System/Library/PrivateFrameworks/_IconServices_SwiftUI.framework/Versions/A/_IconServices_SwiftUI
0x00000002460fa000 	/System/Library/PrivateFrameworks/CloudSettings.framework/Versions/A/CloudSettings
0x00000001acfac000 	/System/Library/Frameworks/EventKit.framework/Versions/A/EventKit
0x00000001bbe43000 	/System/Library/PrivateFrameworks/SearchFoundation.framework/Versions/A/SearchFoundation
0x00000001d2edb000 	/System/Library/PrivateFrameworks/Email.framework/Versions/A/Email
0x00000001ba99c000 	/System/Library/PrivateFrameworks/CoreRoutine.framework/Versions/A/CoreRoutine
0x00000001f2a47000 	/System/Library/PrivateFrameworks/VoiceShortcutClient.framework/Versions/A/VoiceShortcutClient
0x00000001ca921000 	/System/Library/PrivateFrameworks/Categories.framework/Versions/A/Categories
0x00000001c29c9000 	/System/Library/PrivateFrameworks/ChronoServices.framework/Versions/A/ChronoServices
0x0000000244fa7000 	/System/Library/PrivateFrameworks/CalendarDatabase.framework/Versions/A/CalendarDatabase
0x0000000244ee8000 	/System/Library/PrivateFrameworks/CalendarDaemon.framework/Versions/A/CalendarDaemon
0x00000001ac2f3000 	/System/Library/PrivateFrameworks/CalendarFoundation.framework/Versions/A/CalendarFoundation
0x00000001ac2ae000 	/System/Library/PrivateFrameworks/iCalendar.framework/Versions/A/iCalendar
0x000000024d746000 	/System/Library/PrivateFrameworks/DataAccessExpress.framework/Versions/A/DataAccessExpress
0x00000001b39b9000 	/System/Library/PrivateFrameworks/ContactsAutocomplete.framework/Versions/A/ContactsAutocomplete
0x00000001c2915000 	/System/Library/PrivateFrameworks/FTClientServices.framework/Versions/A/FTClientServices
0x000000027ebb7000 	/System/Library/PrivateFrameworks/StorageContainersPrivate.framework/Versions/A/StorageContainersPrivate
0x000000029280e000 	/usr/lib/swift/libswiftCoreMediaIO.dylib
0x00000001b3252000 	/System/Library/PrivateFrameworks/CoreDAV.framework/Versions/A/CoreDAV
0x00000001ace76000 	/System/Library/PrivateFrameworks/CalDAV.framework/Versions/A/CalDAV
0x00000001b7f2f000 	/System/Library/PrivateFrameworks/TelephonyUtilities.framework/Versions/A/TelephonyUtilities
0x00000002369c7000 	/System/Library/Frameworks/LiveCommunicationKit.framework/Versions/A/LiveCommunicationKit
0x0000000246a1f000 	/System/Library/PrivateFrameworks/CommunicationTrust.framework/Versions/A/CommunicationTrust
0x00000001bc903000 	/System/Library/Frameworks/CallKit.framework/Versions/A/CallKit
0x00000001a7498000 	/System/Library/PrivateFrameworks/CommunicationsFilter.framework/Versions/A/CommunicationsFilter
0x00000001e76a4000 	/System/Library/PrivateFrameworks/IMTransferServices.framework/Versions/A/IMTransferServices
0x00000001bada6000 	/System/Library/PrivateFrameworks/IncomingCallFilter.framework/Versions/A/IncomingCallFilter
0x000000026ae5f000 	/System/Library/PrivateFrameworks/NeighborhoodActivityConduit.framework/Versions/A/NeighborhoodActivityConduit
0x00000001beeb4000 	/System/Library/PrivateFrameworks/CallHistory.framework/Versions/A/CallHistory
0x0000000290db0000 	/usr/lib/libBASupport.dylib
0x00000002453ee000 	/System/Library/PrivateFrameworks/CallsUtilities.framework/Versions/A/CallsUtilities
0x00000002453fa000 	/System/Library/PrivateFrameworks/CallsXPC.framework/Versions/A/CallsXPC
0x00000001f3259000 	/usr/lib/swift/libswiftCallKit.dylib
0x00000002453e0000 	/System/Library/PrivateFrameworks/CallsPersistence.framework/Versions/A/CallsPersistence
0x000000023a5de000 	/System/Library/Frameworks/SensitiveContentAnalysis.framework/Versions/A/SensitiveContentAnalysis
0x00000001bff32000 	/System/Library/PrivateFrameworks/PeopleSuggester.framework/Versions/A/PeopleSuggester
0x00000001c969b000 	/System/Library/PrivateFrameworks/SpotlightReceiver.framework/Versions/A/SpotlightReceiver
0x000000028b567000 	/System/Library/PrivateFrameworks/_AppIntentsServices_AppIntents.framework/Versions/A/_AppIntentsServices_AppIntents
0x000000024012d000 	/System/Library/PrivateFrameworks/AppIntentsServices.framework/Versions/A/AppIntentsServices
0x00000001ac297000 	/System/Library/PrivateFrameworks/CoreRecents.framework/Versions/A/CoreRecents
0x000000023cadd000 	/System/Library/Frameworks/_GeoToolbox_AppIntents.framework/Versions/A/_GeoToolbox_AppIntents
0x00000001dcd3a000 	/System/Library/PrivateFrameworks/DiagnosticRequest.framework/Versions/A/DiagnosticRequest
0x00000002727cf000 	/System/Library/PrivateFrameworks/RegulatoryDomain.framework/Versions/A/RegulatoryDomain
0x00000001a6532000 	/usr/lib/libCTGreenTeaLogger.dylib
0x0000000261b57000 	/System/Library/PrivateFrameworks/LocalStatusKit.framework/Versions/A/LocalStatusKit
0x00000001b7e16000 	/System/Library/PrivateFrameworks/CoreParsec.framework/Versions/A/CoreParsec
0x00000001d2ecf000 	/System/Library/PrivateFrameworks/EmailAddressing.framework/Versions/A/EmailAddressing
0x00000001cecaf000 	/System/Library/PrivateFrameworks/EmailCore.framework/Versions/A/EmailCore
0x00000001cfda3000 	/System/Library/PrivateFrameworks/EmailFoundation.framework/Versions/A/EmailFoundation
0x000000026d97d000 	/System/Library/PrivateFrameworks/PegasusAPI.framework/Versions/A/PegasusAPI
0x000000026e739000 	/System/Library/PrivateFrameworks/PegasusConfiguration.framework/Versions/A/PegasusConfiguration
0x0000000282db4000 	/System/Library/PrivateFrameworks/ToolKit.framework/Versions/A/ToolKit
0x0000000272fc1000 	/System/Library/PrivateFrameworks/ReplicatorEngine.framework/Versions/A/ReplicatorEngine
0x000000027317c000 	/System/Library/PrivateFrameworks/ReplicatorServices.framework/Versions/A/ReplicatorServices
0x000000027fa3a000 	/System/Library/PrivateFrameworks/SystemWake.framework/Versions/A/SystemWake
0x00000001bcada000 	/System/Library/PrivateFrameworks/ContextKit.framework/Versions/A/ContextKit
0x0000000246fbd000 	/System/Library/PrivateFrameworks/ContextKitCore.framework/Versions/A/ContextKitCore
0x00000001bb03d000 	/System/Library/Frameworks/LocalAuthentication.framework/Support/DaemonUtils.framework/Versions/A/DaemonUtils
0x0000000261ab9000 	/System/Library/PrivateFrameworks/LocalAuthenticationCoreUI.framework/Versions/A/LocalAuthenticationCoreUI
0x00000001be4b3000 	/System/Library/PrivateFrameworks/BridgeXPC.framework/Versions/A/BridgeXPC
0x00000001bbd0a000 	/System/Library/PrivateFrameworks/CoreKDL.framework/Versions/A/CoreKDL
0x00000001ba330000 	/System/Library/PrivateFrameworks/EmbeddedOSSupportHost.framework/Versions/A/EmbeddedOSSupportHost
0x00000001aee8b000 	/System/Library/PrivateFrameworks/LoginUIKit.framework/Versions/A/LoginUIKit
0x00000001cae21000 	/System/Library/PrivateFrameworks/StorageKit.framework/Versions/A/StorageKit
0x0000000231f1a000 	/System/Library/Frameworks/DeviceCheck.framework/Versions/A/DeviceCheck
0x000000024e14e000 	/System/Library/PrivateFrameworks/DiskImages2.framework/Versions/A/DiskImages2
0x00000001cae9b000 	/System/Library/PrivateFrameworks/CoreWLANKit.framework/Versions/A/CoreWLANKit
0x0000000288b21000 	/System/Library/PrivateFrameworks/Wallpaper.framework/Versions/A/Wallpaper
0x0000000292829000 	/usr/lib/swift/libswiftGLKit.dylib
0x0000000292835000 	/usr/lib/swift/libswiftMetalKit.dylib
0x0000000292837000 	/usr/lib/swift/libswiftModelIO.dylib
0x00000002928fa000 	/usr/lib/swift/libswiftSceneKit.dylib
0x00000001d3e57000 	/System/Library/PrivateFrameworks/DynamicDesktop.framework/Versions/A/DynamicDesktop
0x0000000288cb4000 	/System/Library/PrivateFrameworks/WallpaperFoundation.framework/Versions/A/WallpaperFoundation
0x0000000288d13000 	/System/Library/PrivateFrameworks/WallpaperTypes.framework/Versions/A/WallpaperTypes
0x00000001e949a000 	/System/Library/PrivateFrameworks/SystemDesktopAppearance.framework/Versions/A/SystemDesktopAppearance
0x000000028e678000 	/System/Library/PrivateFrameworks/icloudMCCKit.framework/Versions/A/icloudMCCKit
0x0000000241479000 	/System/Library/PrivateFrameworks/AppleAccountUI.framework/Versions/A/AppleAccountUI
0x00000001dd360000 	/System/Library/PrivateFrameworks/PreferencePanesSupport.framework/Versions/A/PreferencePanesSupport
0x00000001c2cd3000 	/System/Library/PrivateFrameworks/FindMyDeviceUI.framework/Versions/A/FindMyDeviceUI
0x000000028c24f000 	/System/Library/PrivateFrameworks/iCloudQuotaUI.framework/Versions/A/iCloudQuotaUI
0x00000001dd511000 	/System/Library/PrivateFrameworks/CoreCDPUI.framework/Versions/A/CoreCDPUI
0x00000001bc833000 	/System/Library/PrivateFrameworks/CoreFollowUpUI.framework/Versions/A/CoreFollowUpUI
0x00000001c991f000 	/System/Library/PrivateFrameworks/IMCore.framework/Versions/A/IMCore
0x00000001b1a58000 	/System/Library/PrivateFrameworks/CoreCDP.framework/Versions/A/CoreCDP
0x00000001ad84a000 	/System/Library/PrivateFrameworks/AskPermission.framework/Versions/A/AskPermission
0x00000001c0652000 	/System/Library/Frameworks/Quartz.framework/Versions/A/Quartz
0x00000001cd385000 	/System/Library/PrivateFrameworks/CloudPhotoServicesConfiguration.framework/Versions/A/CloudPhotoServicesConfiguration
0x00000001becd4000 	/System/Library/PrivateFrameworks/CommerceKit.framework/Versions/A/CommerceKit
0x00000001ced81000 	/System/Library/PrivateFrameworks/FindMyMac.framework/Versions/A/FindMyMac
0x00000001cec51000 	/System/Library/Frameworks/PreferencePanes.framework/Versions/A/PreferencePanes
0x00000001c211b000 	/System/Library/Frameworks/AddressBook.framework/Versions/A/AddressBook
0x00000001ac6dd000 	/System/Library/PrivateFrameworks/AOSAccounts.framework/Versions/A/AOSAccounts
0x00000001a683a000 	/System/Library/PrivateFrameworks/AppleSRP.framework/Versions/A/AppleSRP
0x00000001ab20a000 	/System/Library/PrivateFrameworks/NetFSServer.framework/Versions/A/NetFSServer
0x00000001bda3f000 	/System/Library/Frameworks/PDFKit.framework/Versions/A/PDFKit
0x000000029284d000 	/usr/lib/swift/libswiftPassKit.dylib
0x00000001e15e5000 	/System/Library/Frameworks/PassKit.framework/Versions/A/PassKit
0x00000001aef9a000 	/System/Library/PrivateFrameworks/PassKitCore.framework/Versions/A/PassKitCore
0x000000026d296000 	/System/Library/PrivateFrameworks/PassKitMacHelperTemp.framework/Versions/A/PassKitMacHelperTemp
0x0000000290d0b000 	/usr/lib/libAppleSSE.dylib
0x00000001bb085000 	/System/Library/PrivateFrameworks/BiometricKit.framework/Versions/A/BiometricKit
0x00000002737da000 	/System/Library/PrivateFrameworks/SEService.framework/Versions/A/SEService
0x0000000235821000 	/System/Library/Frameworks/FinanceKit.framework/Versions/A/FinanceKit
0x00000001c06fe000 	/System/Library/PrivateFrameworks/NearField.framework/Versions/A/NearField
0x0000000273751000 	/System/Library/PrivateFrameworks/SESShared.framework/Versions/A/SESShared
0x0000000273a43000 	/System/Library/PrivateFrameworks/STSXPCHelperClient.framework/Versions/A/STSXPCHelperClient
0x00000001c2535000 	/usr/lib/libnfshared.dylib
0x000000027f7ba000 	/System/Library/PrivateFrameworks/Symptoms.framework/Versions/A/Frameworks/SymptomPresentationFeed.framework/Versions/A/SymptomPresentationFeed
0x0000000241f51000 	/System/Library/PrivateFrameworks/AppleMediaServicesKitInternal.framework/Versions/A/AppleMediaServicesKitInternal
0x000000027f4f5000 	/System/Library/PrivateFrameworks/SymptomShared.framework/Versions/A/SymptomShared
0x00000001e4528000 	/System/Library/PrivateFrameworks/PassKitUIFoundation.framework/Versions/A/PassKitUIFoundation
0x00000001a615d000 	/System/Library/Frameworks/MapKit.framework/Versions/A/MapKit
0x0000000259321000 	/System/Library/PrivateFrameworks/GeoAnalytics.framework/Versions/A/GeoAnalytics
0x00000001c2563000 	/System/Library/PrivateFrameworks/Navigation.framework/Versions/A/Navigation
0x00000001cc406000 	/System/Library/PrivateFrameworks/VectorKit.framework/Versions/A/VectorKit
0x00000001b349a000 	/System/Library/PrivateFrameworks/VirtualGarage.framework/Versions/A/VirtualGarage
0x00000001c2760000 	/System/Library/Frameworks/ExternalAccessory.framework/ExternalAccessory
0x00000001c277b000 	/System/Library/PrivateFrameworks/IAP.framework/Versions/A/IAP
0x00000001a641f000 	/System/Library/PrivateFrameworks/IOPlatformPluginFamily.framework/Versions/A/IOPlatformPluginFamily
0x0000000243311000 	/System/Library/PrivateFrameworks/AvatarKit.framework/Versions/A/AvatarKit
0x00000002433d0000 	/System/Library/PrivateFrameworks/AvatarPersistence.framework/Versions/A/AvatarPersistence
0x000000023bf4b000 	/System/Library/Frameworks/TipKit.framework/Versions/A/TipKit
0x00000001aea51000 	/System/Library/PrivateFrameworks/IMSharedUtilities.framework/Versions/A/IMSharedUtilities
0x00000002927ee000 	/usr/lib/swift/libswiftAppleArchive.dylib
0x0000000285745000 	/System/Library/PrivateFrameworks/VFX.framework/Versions/A/VFX
0x00000001df18b000 	/System/Library/PrivateFrameworks/AppleCVA.framework/Versions/A/AppleCVA
0x00000002433cf000 	/System/Library/PrivateFrameworks/AvatarKitContent.framework/Versions/A/AvatarKitContent
0x0000000237774000 	/System/Library/Frameworks/MetalFX.framework/Versions/A/MetalFX
0x0000000246b36000 	/System/Library/PrivateFrameworks/CompositorNonUI.framework/Versions/A/CompositorNonUI
0x0000000233a90000 	/System/Library/Frameworks/ARKit.framework/Versions/A/ARKit
0x000000023e778000 	/System/Library/PrivateFrameworks/ARKitCore.framework/Versions/A/ARKitCore
0x0000000290dfc000 	/usr/lib/libDisplayWarpSupport.dylib
0x0000000248e08000 	/System/Library/PrivateFrameworks/CoreComposite.framework/Versions/A/CoreComposite
0x00000002917cb000 	/usr/lib/libchannel.dylib
0x0000000292447000 	/usr/lib/librealtime_safety.dylib
0x000000023e804000 	/System/Library/PrivateFrameworks/ARKitFoundation.framework/Versions/A/ARKitFoundation
0x0000000241515000 	/System/Library/PrivateFrameworks/AppleDepth.framework/Versions/A/AppleDepth
0x0000000241692000 	/System/Library/PrivateFrameworks/AppleDepthCore.framework/Versions/A/AppleDepthCore
0x00000001a655a000 	/System/Library/PrivateFrameworks/CoreAppleCVA.framework/Versions/A/CoreAppleCVA
0x00000001b35d0000 	/System/Library/PrivateFrameworks/ContactsUICore.framework/Versions/A/ContactsUICore
0x00000001baeb1000 	/System/Library/PrivateFrameworks/ContactsDonation.framework/Versions/A/ContactsDonation
0x00000001ba76d000 	/System/Library/PrivateFrameworks/DataDetectors.framework/Versions/A/DataDetectors
0x00000001ace62000 	/System/Library/Frameworks/MediaLibrary.framework/Versions/A/MediaLibrary
0x00000001a7487000 	/System/Library/PrivateFrameworks/PersonaKit.framework/Versions/A/PersonaKit
0x00000001b35bd000 	/System/Library/PrivateFrameworks/PersonaUI.framework/Versions/A/PersonaUI
0x00000001ce667000 	/System/Library/PrivateFrameworks/Transparency.framework/Versions/A/Transparency
0x000000024fcad000 	/System/Library/PrivateFrameworks/FindMyLocate.framework/Versions/A/FindMyLocate
0x00000001bc7b0000 	/System/Library/PrivateFrameworks/IntlPreferences.framework/Versions/A/IntlPreferences
0x000000024ce66000 	/System/Library/PrivateFrameworks/CoreTransparency.framework/Versions/A/CoreTransparency
0x000000024fb81000 	/System/Library/PrivateFrameworks/FindMyCommon.framework/Versions/A/FindMyCommon
0x000000024f954000 	/System/Library/PrivateFrameworks/FindMyBase.framework/Versions/A/FindMyBase
0x0000000239209000 	/System/Library/Frameworks/NearbyInteraction.framework/Versions/A/NearbyInteraction
0x00000001a7076000 	/System/Library/PrivateFrameworks/AddressBookCore.framework/Versions/A/AddressBookCore
0x00000001c22b8000 	/System/Library/PrivateFrameworks/ToneKit.framework/Versions/A/ToneKit
0x00000001bc7f7000 	/System/Library/PrivateFrameworks/ToneLibrary.framework/Versions/A/ToneLibrary
0x0000000246e3f000 	/System/Library/PrivateFrameworks/ContactsAccounts.framework/Versions/A/ContactsAccounts
0x00000001c0569000 	/System/Library/PrivateFrameworks/Lookup.framework/Versions/A/Lookup
0x0000000239b2a000 	/System/Library/Frameworks/QuickLookUI.framework/Versions/A/QuickLookUI
0x000000023a557000 	/System/Library/Frameworks/ScreenCaptureKit.framework/Versions/A/ScreenCaptureKit
0x00000001bd55e000 	/System/Library/Frameworks/Quartz.framework/Versions/A/Frameworks/QuartzComposer.framework/Versions/A/QuartzComposer
0x00000001bc787000 	/System/Library/Frameworks/Quartz.framework/Versions/A/Frameworks/QuartzFilters.framework/Versions/A/QuartzFilters
0x00000001bb80e000 	/System/Library/Frameworks/Quartz.framework/Versions/A/Frameworks/ImageKit.framework/Versions/A/ImageKit
0x0000000233891000 	/System/Library/Frameworks/OpenCL.framework/Versions/A/OpenCL
0x00000001b9d0a000 	/System/Library/PrivateFrameworks/CorePDF.framework/Versions/A/CorePDF
0x00000001a40ae000 	/System/Library/Frameworks/QuickLook.framework/Versions/A/QuickLook
0x00000001aee86000 	/System/Library/PrivateFrameworks/DisplayServices.framework/Versions/A/DisplayServices
0x00000001bc70b000 	/System/Library/Frameworks/ImageCaptureCore.framework/Versions/A/ImageCaptureCore
0x0000000287663000 	/System/Library/PrivateFrameworks/VisionKitCore.framework/Versions/A/VisionKitCore
0x00000001b7de6000 	/System/Library/PrivateFrameworks/QuickLookSupport.framework/Versions/A/QuickLookSupport
0x0000000266423000 	/System/Library/PrivateFrameworks/MediaAnalysisServices.framework/Versions/A/MediaAnalysisServices
0x00000001bf4f2000 	/System/Library/PrivateFrameworks/PhotoLibraryServices.framework/Versions/A/PhotoLibraryServices
0x00000001bc31c000 	/System/Library/Frameworks/Photos.framework/Versions/A/Photos
0x00000001d1174000 	/System/Library/PrivateFrameworks/PhotosFormats.framework/Versions/A/PhotosFormats
0x000000028679e000 	/System/Library/PrivateFrameworks/VectorSearch.framework/Versions/A/VectorSearch
0x00000001cd3b1000 	/System/Library/PrivateFrameworks/CloudPhotoLibrary.framework/Versions/A/CloudPhotoLibrary
0x00000001d6c0e000 	/System/Library/PrivateFrameworks/CloudPhotoServices.framework/Versions/A/CloudPhotoServices
0x00000001d3052000 	/System/Library/PrivateFrameworks/CoreMediaStream.framework/Versions/A/CoreMediaStream
0x00000001a7b56000 	/System/Library/PrivateFrameworks/CPAnalytics.framework/Versions/A/CPAnalytics
0x00000001cf3dd000 	/System/Library/PrivateFrameworks/MediaConversionService.framework/Versions/A/MediaConversionService
0x00000001aea3d000 	/System/Library/PrivateFrameworks/PhotoFoundation.framework/Versions/A/PhotoFoundation
0x000000026ed65000 	/System/Library/PrivateFrameworks/PhotoLibraryServicesCore.framework/Versions/A/PhotoLibraryServicesCore
0x00000001c9006000 	/System/Library/PrivateFrameworks/MMCS.framework/Versions/A/MMCS
0x00000001accbd000 	/System/Library/PrivateFrameworks/ChunkingLibrary.framework/Versions/A/ChunkingLibrary
0x00000001a6807000 	/System/Library/PrivateFrameworks/AssetCacheServices.framework/Versions/A/AssetCacheServices
0x00000001a8802000 	/System/Library/PrivateFrameworks/AVFoundationCF.framework/Versions/A/AVFoundationCF
0x00000001e759b000 	/usr/lib/swift/libswiftDemangle.dylib
0x000000025c7f4000 	/System/Library/PrivateFrameworks/ImageCaptureDevices.framework/Versions/A/ImageCaptureDevices
0x00000001baa32000 	/System/Library/PrivateFrameworks/MediaStream.framework/Versions/A/MediaStream
0x00000001cf8cb000 	/System/Library/PrivateFrameworks/NeutrinoCore.framework/Versions/A/NeutrinoCore
0x0000000195a38000 	/System/Library/PrivateFrameworks/NLP.framework/Versions/A/NLP
0x00000001d5963000 	/System/Library/PrivateFrameworks/PhotoImaging.framework/Versions/A/PhotoImaging
0x00000001d6bcf000 	/System/Library/PrivateFrameworks/PhotosImagingFoundation.framework/Versions/A/PhotosImagingFoundation
0x000000026f912000 	/System/Library/PrivateFrameworks/PhotosIntelligenceCore.framework/Versions/A/PhotosIntelligenceCore
0x00000001a8c9a000 	/System/Library/PrivateFrameworks/EmbeddedAcousticRecognition.framework/Versions/A/EmbeddedAcousticRecognition
0x00000001c44eb000 	/System/Library/PrivateFrameworks/EmojiFoundation.framework/Versions/A/EmojiFoundation
0x00000001cd62b000 	/System/Library/PrivateFrameworks/SDAPI.framework/Versions/A/SDAPI
0x000000026055e000 	/System/Library/PrivateFrameworks/IsolatedContextLogging.framework/Versions/A/IsolatedContextLogging
0x00000001d6c1d000 	/System/Library/PrivateFrameworks/AutoLoop.framework/Versions/A/AutoLoop
0x0000000270538000 	/System/Library/PrivateFrameworks/Portrait.framework/Versions/A/Portrait
0x00000002503d2000 	/System/Library/PrivateFrameworks/FusionTracker.framework/Versions/A/FusionTracker
0x00000001bcfe1000 	/System/Library/PrivateFrameworks/iTunesCloud.framework/Versions/A/iTunesCloud
0x00000001c6414000 	/System/Library/PrivateFrameworks/DAAPKit.framework/Versions/A/DAAPKit
0x00000001b8180000 	/System/Library/PrivateFrameworks/DeviceManagement.framework/Versions/A/DeviceManagement
0x00000001dcc8c000 	/System/Library/PrivateFrameworks/ScreenTimeUI.framework/Versions/A/ScreenTimeUI
0x00000001ba767000 	/System/Library/PrivateFrameworks/QuickLookNonBaseSystem.framework/Versions/A/QuickLookNonBaseSystem
0x00000001baf88000 	/System/Library/PrivateFrameworks/Catalyst.framework/Versions/A/Catalyst
0x00000001bc9ab000 	/System/Library/PrivateFrameworks/ScreenTimeCore.framework/Versions/A/ScreenTimeCore
0x00000001d05d1000 	/System/Library/PrivateFrameworks/ScreenTimeServiceUI.framework/Versions/A/ScreenTimeServiceUI
0x00000001c9198000 	/System/Library/PrivateFrameworks/ConfigurationEngineModel.framework/Versions/A/ConfigurationEngineModel
0x00000001cc3c0000 	/System/Library/PrivateFrameworks/UsageTracking.framework/Versions/A/UsageTracking
0x000000023546e000 	/System/Library/Frameworks/DeviceActivity.framework/Versions/A/DeviceActivity
0x00000001cc38f000 	/System/Library/PrivateFrameworks/KnowledgeMonitor.framework/Versions/A/KnowledgeMonitor
0x00000001e44ce000 	/System/Library/PrivateFrameworks/BluetoothManager.framework/Versions/A/BluetoothManager
0x0000000236afe000 	/System/Library/Frameworks/ManagedSettings.framework/Versions/A/ManagedSettings
0x0000000265b73000 	/System/Library/PrivateFrameworks/ManagedSettingsSupport.framework/Versions/A/ManagedSettingsSupport
0x00000001e16b6000 	/System/Library/Frameworks/ReplayKit.framework/Versions/A/ReplayKit
0x00000001afea3000 	/System/Library/PrivateFrameworks/MarkupUI.framework/Versions/A/MarkupUI
0x00000001ba73e000 	/System/Library/PrivateFrameworks/SidecarCore.framework/Versions/A/SidecarCore
0x00000001bd412000 	/System/Library/PrivateFrameworks/AnnotationKit.framework/Versions/A/AnnotationKit
0x00000001bba41000 	/System/Library/Frameworks/PencilKit.framework/Versions/A/PencilKit
0x00000001bbc05000 	/System/Library/PrivateFrameworks/SidecarUI.framework/Versions/A/SidecarUI
0x00000001bb3ac000 	/System/Library/PrivateFrameworks/CoreHandwriting.framework/Versions/A/CoreHandwriting
0x000000018f622000 	/usr/lib/libmecabra.dylib
0x00000001b3bcb000 	/System/Library/PrivateFrameworks/Calculate.framework/Versions/A/Calculate
0x000000019f489000 	/usr/lib/libChineseTokenizer.dylib
0x00000001f3013000 	/System/Library/PrivateFrameworks/ScreenReaderCore.framework/Versions/A/ScreenReaderCore
0x000000027eb49000 	/System/Library/PrivateFrameworks/StocksKit.framework/Versions/A/StocksKit
0x00000001b2b72000 	/System/Library/PrivateFrameworks/OAuth.framework/Versions/A/OAuth
0x000000027e83f000 	/System/Library/PrivateFrameworks/StocksCore.framework/Versions/A/StocksCore
0x000000027fd50000 	/System/Library/PrivateFrameworks/TeaFoundation.framework/Versions/A/TeaFoundation
0x000000027ff37000 	/System/Library/PrivateFrameworks/TeaSettings.framework/Versions/A/TeaSettings
0x00000001e8cb7000 	/System/Library/PrivateFrameworks/NewsCore.framework/Versions/A/NewsCore
0x000000027fced000 	/System/Library/PrivateFrameworks/TeaDB.framework/Versions/A/TeaDB
0x00000001e5646000 	/System/Library/PrivateFrameworks/RemoteConfiguration.framework/Versions/A/RemoteConfiguration
0x00000001e889e000 	/System/Library/PrivateFrameworks/NewsTransport.framework/Versions/A/NewsTransport
0x00000001e8ca7000 	/System/Library/PrivateFrameworks/NewsFoundation.framework/Versions/A/NewsFoundation
0x000000026b466000 	/System/Library/PrivateFrameworks/NewsURLBucket.framework/Versions/A/NewsURLBucket
0x00000001bf0f1000 	/System/Library/PrivateFrameworks/MobileInstallation.framework/Versions/A/MobileInstallation
0x000000023c0b4000 	/System/Library/Frameworks/Translation.framework/Versions/A/Translation
0x00000001d85f8000 	/System/Library/PrivateFrameworks/RevealCore.framework/Versions/A/RevealCore
0x00000001d85ec000 	/System/Library/PrivateFrameworks/Reveal.framework/Versions/A/Reveal
0x00000001d027c000 	/System/Library/Frameworks/Speech.framework/Versions/A/Speech
0x000000023d5a7000 	/System/Library/PrivateFrameworks/AIMLExperimentationAnalytics.framework/Versions/A/AIMLExperimentationAnalytics
0x000000023fa4d000 	/System/Library/PrivateFrameworks/AlgorithmsInternal.framework/Versions/A/AlgorithmsInternal
0x00000002836b9000 	/System/Library/PrivateFrameworks/TranslationUIServices.framework/Versions/A/TranslationUIServices
0x000000028240b000 	/System/Library/PrivateFrameworks/TipKitCore.framework/Versions/A/TipKitCore
0x00000001c4570000 	/System/Library/PrivateFrameworks/CoreCDPInternal.framework/Versions/A/CoreCDPInternal
0x000000025cfce000 	/System/Library/PrivateFrameworks/InputAnalytics.framework/Versions/A/InputAnalytics
0x00000001ca219000 	/System/Library/Frameworks/InstantMessage.framework/Versions/A/InstantMessage
0x00000001c2026000 	/System/Library/PrivateFrameworks/IDSKVStore.framework/Versions/A/IDSKVStore
0x00000001c1cc9000 	/System/Library/PrivateFrameworks/IMDPersistence.framework/Versions/A/IMDPersistence
0x000000028563f000 	/System/Library/PrivateFrameworks/UserSafety.framework/Versions/A/UserSafety
0x00000001e3558000 	/System/Library/PrivateFrameworks/BlastDoor.framework/Versions/A/BlastDoor
0x00000002616c5000 	/System/Library/PrivateFrameworks/LinkPresentationStyleSheetParsing.framework/Versions/A/LinkPresentationStyleSheetParsing
0x00000002706f9000 	/System/Library/PrivateFrameworks/PosterFoundation.framework/Versions/A/PosterFoundation
0x0000000270787000 	/System/Library/PrivateFrameworks/PosterModel.framework/Versions/A/PosterModel
0x0000000270761000 	/System/Library/PrivateFrameworks/PosterFuturesKit.framework/Versions/A/PosterFuturesKit
0x000000024f72c000 	/System/Library/PrivateFrameworks/FeedbackService.framework/Versions/A/FeedbackService
0x00000001bae05000 	/System/Library/PrivateFrameworks/CoreSDB.framework/Versions/A/CoreSDB
0x0000000242a90000 	/System/Library/PrivateFrameworks/AskToCore.framework/Versions/A/AskToCore
0x00000001dd50e000 	/System/Library/PrivateFrameworks/MachineSettings.framework/Versions/A/MachineSettings
0x00000001cebca000 	/System/Library/PrivateFrameworks/BezelServices.framework/Versions/A/BezelServices
0x00000001c649f000 	/System/Library/PrivateFrameworks/SPOwner.framework/Versions/A/SPOwner
0x00000001bed39000 	/System/Library/PrivateFrameworks/FMCore.framework/Versions/A/FMCore
0x000000028c1a1000 	/System/Library/PrivateFrameworks/iCloudQuota.framework/Versions/A/iCloudQuota
0x00000001b3536000 	/System/Library/PrivateFrameworks/CoreRecognition.framework/Versions/A/CoreRecognition
0x00000001cec8a000 	/System/Library/PrivateFrameworks/InAppMessages.framework/Versions/A/InAppMessages
0x00000001f1bc6000 	/System/Library/PrivateFrameworks/JetUI.framework/Versions/A/JetUI
0x00000002608bd000 	/System/Library/PrivateFrameworks/JetPack.framework/Versions/A/JetPack
0x00000001cec81000 	/System/Library/PrivateFrameworks/InAppMessagesCore.framework/Versions/A/InAppMessagesCore
0x000000028b5b7000 	/System/Library/PrivateFrameworks/_JetEngine_SwiftUI.framework/Versions/A/_JetEngine_SwiftUI
0x000000027f7e3000 	/System/Library/PrivateFrameworks/Synapse.framework/Versions/A/Synapse
0x0000000244d36000 	/System/Library/PrivateFrameworks/CSExattrCrypto.framework/Versions/A/CSExattrCrypto
0x00000001c0260000 	/System/Library/PrivateFrameworks/StoreFoundation.framework/Versions/A/StoreFoundation
0x00000001bed33000 	/System/Library/PrivateFrameworks/ServerInformation.framework/Versions/A/ServerInformation
0x00000001be749000 	/System/Library/PrivateFrameworks/Install.framework/Frameworks/DistributionKit.framework/Versions/A/DistributionKit
0x00000001b7bba000 	/System/Library/PrivateFrameworks/PackageKit.framework/Versions/A/PackageKit
0x00000001be76c000 	/System/Library/PrivateFrameworks/OSPersonalization.framework/Versions/A/OSPersonalization
0x00000001c07c6000 	/System/Library/PrivateFrameworks/BridgeOSSoftwareUpdate.framework/Versions/A/BridgeOSSoftwareUpdate
0x00000001bb2ab000 	/System/Library/PrivateFrameworks/StorageManagement.framework/Versions/A/StorageManagement
0x00000001d00fc000 	/usr/lib/libauthinstall.dylib
0x00000001c07cf000 	/System/Library/PrivateFrameworks/InstallerDiagnostics.framework/Versions/A/InstallerDiagnostics
0x00000001d07b8000 	/usr/lib/libcrypto.42.dylib
0x0000000292d2a000 	/usr/lib/updaters/libAppleTconUARPUpdater.dylib
0x0000000292ebf000 	/usr/lib/updaters/libT200Updater.dylib
0x00000001c07b4000 	/System/Library/PrivateFrameworks/GPUInfo.framework/Versions/A/GPUInfo
0x00000001ced87000 	/System/Library/PrivateFrameworks/MobileActivationMacOS.framework/Versions/A/MobileActivationMacOS
0x00000001b2ab7000 	/System/Library/PrivateFrameworks/AccountsDaemon.framework/Versions/A/AccountsDaemon
0x00000001c0812000 	/System/Library/PrivateFrameworks/AOSKit.framework/Versions/A/AOSKit
0x000000019f5b8000 	/System/Library/PrivateFrameworks/AppSSOCore.framework/Versions/A/AppSSOCore
0x00000002434dc000 	/System/Library/PrivateFrameworks/BackgroundSystemTasks.framework/Versions/A/BackgroundSystemTasks
0x00000001ab244000 	/System/Library/PrivateFrameworks/DuetActivityScheduler.framework/Versions/A/DuetActivityScheduler
0x00000001cd2dc000 	/System/Library/PrivateFrameworks/NetworkServiceProxy.framework/Versions/A/NetworkServiceProxy
0x00000001a6493000 	/usr/lib/libnetworkextension.dylib
0x000000027f505000 	/System/Library/PrivateFrameworks/Symptoms.framework/Versions/A/Frameworks/SymptomAnalytics.framework/Versions/A/SymptomAnalytics
0x00000001a2fcb000 	/System/Library/Frameworks/NetworkExtension.framework/Versions/A/NetworkExtension
0x00000001a9960000 	/System/Library/PrivateFrameworks/CoreDuetContext.framework/Versions/A/CoreDuetContext
0x000000019408c000 	/System/Library/PrivateFrameworks/CoreDuet.framework/Versions/A/CoreDuet
0x00000001ae777000 	/System/Library/PrivateFrameworks/AssistantServices.framework/Versions/A/AssistantServices
0x00000001a8945000 	/System/Library/PrivateFrameworks/SAObjects.framework/Versions/A/SAObjects
0x00000001ae35e000 	/System/Library/PrivateFrameworks/MediaRemote.framework/Versions/A/MediaRemote
0x000000027c073000 	/System/Library/PrivateFrameworks/SiriTTSService.framework/Versions/A/SiriTTSService
0x000000027676f000 	/System/Library/PrivateFrameworks/SiriCrossDeviceArbitration.framework/Versions/A/SiriCrossDeviceArbitration
0x000000024f2b6000 	/System/Library/PrivateFrameworks/FaceTimeNameUtility.framework/Versions/A/FaceTimeNameUtility
0x00000002767c3000 	/System/Library/PrivateFrameworks/SiriCrossDeviceArbitrationFeedback.framework/Versions/A/SiriCrossDeviceArbitrationFeedback
0x00000001cf60f000 	/System/Library/PrivateFrameworks/UIKitServices.framework/Versions/A/UIKitServices
0x00000001b3346000 	/System/Library/PrivateFrameworks/MediaServices.framework/Versions/A/MediaServices
0x000000019fa01000 	/System/Library/PrivateFrameworks/PersistentConnection.framework/Versions/A/PersistentConnection
0x000000027d956000 	/System/Library/PrivateFrameworks/SonicFoundation.framework/Versions/A/SonicFoundation
0x00000001c2d26000 	/usr/lib/libtailspin.dylib
0x00000001d6d2f000 	/System/Library/PrivateFrameworks/Osprey.framework/Versions/A/Osprey
0x000000027b6f3000 	/System/Library/PrivateFrameworks/SiriTTS.framework/Versions/A/SiriTTS
0x000000027a2b3000 	/System/Library/PrivateFrameworks/SiriPowerInstrumentation.framework/Versions/A/SiriPowerInstrumentation
0x000000027fceb000 	/System/Library/PrivateFrameworks/TailspinSymbolication.framework/Versions/A/TailspinSymbolication
0x000000024d60c000 	/System/Library/PrivateFrameworks/Darwinup.framework/Versions/A/Darwinup
0x00000001cf418000 	/System/Library/PrivateFrameworks/SignpostSupport.framework/Versions/A/SignpostSupport
0x00000001bad92000 	/System/Library/PrivateFrameworks/FeatureFlagsSupport.framework/Versions/A/FeatureFlagsSupport
0x00000001cead8000 	/System/Library/PrivateFrameworks/ktrace.framework/Versions/A/ktrace
0x00000001cf647000 	/System/Library/PrivateFrameworks/SampleAnalysis.framework/Versions/A/SampleAnalysis
0x00000001d85c6000 	/System/Library/PrivateFrameworks/kperfdata.framework/Versions/A/kperfdata
0x00000001a41ec000 	/usr/lib/libdscsym.dylib
0x00000001d8a9b000 	/System/Library/PrivateFrameworks/BulkSymbolication.framework/Versions/A/BulkSymbolication
0x00000001ac392000 	/System/Library/PrivateFrameworks/CoreDuetDaemonProtocol.framework/Versions/A/CoreDuetDaemonProtocol
0x00000001c00e1000 	/System/Library/PrivateFrameworks/CaptiveNetwork.framework/Versions/A/CaptiveNetwork
0x00000001aa78b000 	/System/Library/PrivateFrameworks/EAP8021X.framework/Versions/A/EAP8021X
0x000000024d3d2000 	/System/Library/PrivateFrameworks/CryptoKitPrivate.framework/Versions/A/CryptoKitPrivate
0x00000001ba360000 	/System/Library/PrivateFrameworks/FindMyDevice.framework/Versions/A/FindMyDevice
0x00000001aef79000 	/System/Library/PrivateFrameworks/FMCoreLite.framework/Versions/A/FMCoreLite
0x000000019d0b0000 	/System/Library/Frameworks/ServiceManagement.framework/Versions/A/ServiceManagement
0x00000001369d0000 	/System/Library/Extensions/AGXMetalG14G.bundle/Contents/MacOS/AGXMetalG14G
0x00000001b31e0000 	/System/Library/PrivateFrameworks/IOGPU.framework/Versions/A/IOGPU
0x00000001c1c47000 	/System/Library/Frameworks/Accelerate.framework/Versions/A/Frameworks/vImage.framework/Versions/A/Libraries/libCGInterfaces.dylib
0x000000010a940000 	/Users/sahilkashyap/AndroidStudioProjects/Zillit/desktopApp/build/compose/binaries/main/app/Zillit.app/Contents/runtime/Contents/Home/lib/libosx.dylib
0x0000000139604000 	/Users/sahilkashyap/AndroidStudioProjects/Zillit/desktopApp/build/compose/binaries/main/app/Zillit.app/Contents/app/libskiko-macos-arm64.dylib
0x0000000135c78000 	/Users/sahilkashyap/AndroidStudioProjects/Zillit/desktopApp/build/compose/binaries/main/app/Zillit.app/Contents/runtime/Contents/Home/lib/libosxui.dylib
0x0000000123fe4000 	/private/var/folders/bz/y_zmq1dx0wsb2r7fz3vfc_940000gn/T/osxkeychain6435183386087340143.so
0x000000012a40c000 	/private/var/folders/bz/y_zmq1dx0wsb2r7fz3vfc_940000gn/T/sqlite-3.53.4.0-04a54975-c6a6-4fcf-9e6f-127d9acb2030-libsqlitejdbc.dylib
0x0000000136678000 	/Users/sahilkashyap/AndroidStudioProjects/Zillit/desktopApp/build/compose/binaries/main/app/Zillit.app/Contents/runtime/Contents/Home/lib/libjawt.dylib
0x0000000280505000 	/System/Library/PrivateFrameworks/TextInputUI.framework/Versions/A/TextInputUI
0x000000028053b000 	/System/Library/PrivateFrameworks/TextInputUIMacHelper.framework/Versions/A/TextInputUIMacHelper
0x00000001c5264000 	/System/Library/PrivateFrameworks/SafariPlatformSupport.framework/Versions/A/SafariPlatformSupport
0x0000000138f64000 	/Users/sahilkashyap/AndroidStudioProjects/Zillit/desktopApp/build/compose/binaries/main/app/Zillit.app/Contents/runtime/Contents/Home/lib/libjcef.dylib

JVMTI agents: none


VM Arguments:
jvm_args: -Djpackage.app-version=1.0.0 -Dcompose.application.resources.dir=/Users/sahilkashyap/AndroidStudioProjects/Zillit/desktopApp/build/compose/binaries/main/app/Zillit.app/Contents/app/resources -Dcompose.application.configure.swing.globals=true --add-opens=java.desktop/sun.awt=ALL-UNNAMED --add-opens=java.desktop/sun.lwawt=ALL-UNNAMED --add-opens=java.desktop/sun.lwawt.macosx=ALL-UNNAMED -Dskiko.library.path=/Users/sahilkashyap/AndroidStudioProjects/Zillit/desktopApp/build/compose/binaries/main/app/Zillit.app/Contents/app -Djpackage.app-path=/Users/sahilkashyap/AndroidStudioProjects/Zillit/desktopApp/build/compose/binaries/main/app/Zillit.app/Contents/MacOS/Zillit 
java_command: com.zillit.desktop.MainKt
java_class_path (initial): /Users/sahilkashyap/AndroidStudioProjects/Zillit/desktopApp/build/compose/binaries/main/app/Zillit.app/Contents/app/desktopApp-138e228862e67eca85b4645cd06b91b5.jar:/Users/sahilkashyap/AndroidStudioProjects/Zillit/desktopApp/build/compose/binaries/main/app/Zillit.app/Contents/app/accounthub-jvm-d0f8aed8571794848bdbe4458f2689d.jar:/Users/sahilkashyap/AndroidStudioProjects/Zillit/desktopApp/build/compose/binaries/main/app/Zillit.app/Contents/app/animation-core-desktop-1.11.1-3ec8687bba1c875f4630e7c99d49defc.jar:/Users/sahilkashyap/AndroidStudioProjects/Zillit/desktopApp/build/compose/binaries/main/app/Zillit.app/Contents/app/animation-desktop-1.11.1-3b1636eba8fac16d053e567d9b91df8.jar:/Users/sahilkashyap/AndroidStudioProjects/Zillit/desktopApp/build/compose/binaries/main/app/Zillit.app/Contents/app/annotation-jvm-1.9.1-1d6a04b3b9847638d0529df8ef76a.jar:/Users/sahilkashyap/AndroidStudioProjects/Zillit/desktopApp/build/compose/binaries/main/app/Zillit.app/Contents/app/annotations-23.0.0-8484cd17d040d837983323f760b2c660.jar:/Users/sahilkashyap/AndroidStudioProjects/Zillit/desktopApp/build/compose/binaries/main/app/Zillit.app/Contents/app/atomicfu-jvm-0.28.0-70921245a0aed3c3e3d17c34ca3dbd87.jar:/Users/sahilkashyap/AndroidStudioProjects/Zillit/desktopApp/build/compose/binaries/main/app/Zillit.app/Contents/app/auth-jvm-b0e4662ef269f2dbd876d7293c28e25b.jar:/Users/sahilkashyap/AndroidStudioProjects/Zillit/desktopApp/build/compose/binaries/main/app/Zillit.app/Contents/app/badges-jvm-141b838126ae24d8916f4a67d2534abe.jar:/Users/sahilkashyap/AndroidStudioProjects/Zillit/desktopApp/build/compose/binaries/main/app/Zillit.app/Contents/app/calls-jvm-a3967f7a58607defa3c0dcb5a72ba6a.jar:/Users/sahilkashyap/AndroidStudioProjects/Zillit/desktopApp/build/compose/binaries/main/app/Zillit.app/Contents/app/cardexpenses-jvm-2a1fa72ba0f12269fc5641b7ac681e82.jar:/Users/sahilkashyap/AndroidStudioProjects/Zillit/desktopApp/build/compose/binaries/main/app/Zillit.app/Contents/app/cashexpenses-jvm-7e6772da318f447618c0ba9174d9bda7.jar:/Users/sahilkashyap/AndroidStudioProjects/Zillit/desktopApp/build/compose/binaries/main/app/Zillit.app/Contents/app/chat-jvm-7b8c33b94a304b23a59b7a40237124.jar:/Users/sahilkashyap/AndroidStudioProjects/Zillit/desktopApp/build/compose/binaries/main/app/Zillit.app/Contents/app/collection-jvm-1.5.0-4421442c114a4f8c8fe587cf2d668237.jar:/Users/sahilkashyap/AndroidStudioProjects/Zillit/desktopApp/build/compose/binaries/main/app/Zillit.app/Contents/app/common-jvm-c464411a965ee3e1543b2cb7ca57d93.jar:/Users/sahilkashyap/AndroidStudioProjects/Zillit/desktopApp/build/compose/binaries/main/app/Zillit.app/Contents/app/commons-logging-1.3.3-62de1aea96b3ac52e46b98dac4ac97.jar:/Users/sahilkashyap/AndroidStudioProjects/Zillit/desktopApp/build/compose/binaries/main/app/Zillit.app/Contents/app/config-jvm-e48c4c328ff2b555739f2cd91823e.jar:/Users/sahilkashyap/AndroidStudioProjects/Zillit/desktopApp/build/compose/binaries/main/app/Zillit.app/Contents/app/core-3.5.4-23cc13611f7f222b9988220fa28a115.jar:/Users/sahilkashyap/AndroidStudioProjects/Zillit/desktopApp/build/compose/binaries/main/app/Zillit.app/Contents/app/core-common-2.2.0-2212d240dfe1e8a7598ee117ccc316d.jar:/Users/sahilkashyap/AndroidStudioProjects/Zillit/desktopApp/build/compose/binaries/main/app/Zillit.app/Contents/app/database-jvm-1b11f03d3a853249f6149852c5bab1b.jar:/Users/sahilkashyap/AndroidStudioProjects/Zillit/desktopApp/build/compose/binaries/main/app/Zillit.app/Contents/app/datastore-core-jvm-1.2.1-68bd30a82462b130b953a7a0ade6b318.jar:/Users/sahilkashyap/AndroidStudioProjects/Zillit/desktopApp/build/compose/binaries/main/app/Zillit.app/Contents/app/datastore-core-okio-jvm-1.2.1-38c87b659b5e43255f87474fab30457f.jar:/Users/sahilkashyap/AndroidStudioProjects/Zillit/desktopApp/build/compose/binaries/main/app/Zillit.app/Contents/app/datastore-jvm-b5dcd98db2873cf4772ca49cee8b1da.jar:/Users/sahilkashyap/AndroidStudioProjects/Zillit/desktopApp/build/compose/binaries/main/app/Zillit.app/Contents/app/datastore-preferences-core-jvm-1.2.1-a71e7c68fc6dd85f6237335722cd925.jar:/Users/sahilkashyap/AndroidStudioProjects/Zillit/desktopApp/build/compose/binaries/main/app/Zillit.app/Contents/app/datastore-preferences-external-protobuf-1.2.1-80e72813e22e9695eaf82ff9ccb727e0.jar:/Users/sahilkashyap/AndroidStudioProjects/Zillit/desktopApp/build/compose/binaries/main/app/Zillit.app/Contents/app/datastore-preferences-proto-1.2.1-f7b9c81898907447e4911df25f047.jar:/Users/sahilkashyap/AndroidStudioProjects/Zillit/desktopApp/build/compose/binaries/main/app/Zillit.app/Contents/app/dbus-java-core-4.2.1-55fe3a385012be8a8c6ccb4735fc988.jar:/Users/sahilkashyap/AndroidStudioProjects/Zillit/desktopApp/build/compose/binaries/main/app/Zillit.app/Contents/app/dbus-java-transport-native-unixsocket-4.2.1-1a6385aabb32b3fd1b22c6de59f71831.jar:/Users/sahilkashyap/AndroidStudioProjects/Zillit/desktopApp/build/compose/binaries/main/app/Zillit.app/Contents/app/dealmemo-jvm-5295ace464aa5fd72f25254698fb628.jar:/Users/sahilkashyap/AndroidStudioProjects/Zillit/desktopApp/build/compose/binaries/main/app/Zillit.app/Contents/app/designsystem-jvm-8ea61153fe9244cda70a316669a953.jar:/Users/sahilkashyap/AndroidStudioProjects/Zillit/desktopApp/build/compose/binaries/main/app/Zillit.app/Contents/app/desktop-jvm-1.11.1-853ec1ce1542426c233c62225bcd3895.jar:/Users/sahilkashyap/AndroidStudioProjects/Zillit/desktopApp/build/compose/binaries/main/app/Zillit.app/Contents/app/documentdistribution-jvm-bae21c2827b66ab780c7b42ae812c06a.jar:/Users/sahilkashyap/AndroidStudioProjects/Zillit/desktopApp/build/compose/binaries/main/app/Zillit.app/Contents/app/drive-jvm-264b2846ef687d274840f9eb374d1f.jar:/Users/sahilkashyap/AndroidStudioProjects/Zillit/desktopApp/build/compose/binaries/main/app/Zillit.app/Contents/app/email-jvm-aaaeb6bf3f4ab09d8449637798ea11f7.jar:/Users/sahilkashyap/AndroidStudioProjects/Zillit/desktopApp/build/compose/binaries/main/app/Zillit.app/Contents/app/engine.io-client-2.1.0-2aace6e1b365b01d115c5056348f8883.jar:/Users/sahilkashyap/AndroidStudioProjects/Zillit/desktopApp/build/compose/binaries/main/app/Zillit.app/Contents/app/fontbox-3.0.3-5adabd366e6f8a22ac04c293237dd89.jar:/Users/sahilkashyap/AndroidStudioProjects/Zillit/desktopApp/build/compose/binaries/main/app/Zillit.app/Contents/app/foundation-desktop-1.11.1-a4787b8ca37ae91eb45fa9a21e1a4ce.jar:/Users/sahilkashyap/AndroidStudioProjects/Zillit/desktopApp/build/compose/binaries/main/app/Zillit.app/Contents/app/foundation-layout-desktop-1.11.1-283d2ac8235541447bbd8d60ab59521.jar:/Users/sahilkashyap/AndroidStudioProjects/Zillit/desktopApp/build/compose/binaries/main/app/Zillit.app/Contents/app/graphics-shapes-desktop-1.1.0-dee1da92dcd95a52b7faca62f4f942.jar:/Users/sahilkashyap/AndroidStudioProjects/Zillit/desktopApp/build/compose/binaries/main/app/Zillit.app/Contents/app/hkdf-1.1.0-5de6b6134e655bd5e95a954ac946144a.jar:/Users/sahilkashyap/AndroidStudioProjects/Zillit/desktopApp/build/compose/binaries/main/app/Zillit.app/Contents/app/home-jvm-521f2f4393f2378b283f95ca23f771.jar:/Users/sahilkashyap/AndroidStudioProjects/Zillit/desktopApp/build/compose/binaries/main/app/Zillit.app/Contents/app/java-keyring-1.0.4-c953d4dad8366c4e3f896bdfc75f5cb.jar:/Users/sahilkashyap/AndroidStudioProjects/Zillit/desktopApp/build/compose/binaries/main/app/Zillit.app/Contents/app/jbr-api-1.9.0-4ae6ce27bcafb233efdbf54395d03.jar:/Users/sahilkashyap/AndroidStudioProjects/Zillit/desktopApp/build/compose/binaries/main/app/Zillit.app/Contents/app/jcodec-0.2.5-599ffc85b93d836b1ae3cd8ada43b1.jar:/Users/sahilkashyap/AndroidStudioProjects/Zillit/desktopApp/build/compose/binaries/main/app/Zillit.app/Contents/app/jcodec-javase-0.2.5-1e31375055f4701ec4e13e6fc995c.jar:/Users/sahilkashyap/AndroidStudioProjects/Zillit/desktopApp/build/compose/binaries/main/app/Zillit.app/Contents/app/jdbc-driver-2.3.2-c2b1660aea4b6ec856c328814804dcb.jar:/Users/sahilkashyap/AndroidStudioProjects/Zillit/desktopApp/build/compose/binaries/main/app/Zillit.app/Contents/app/jkeychain-1.1.0-862d9ddb16361d975d958268c805feb.jar:/Users/sahilkashyap/AndroidStudioProjects/Zillit/desktopApp/build/compose/binaries/main/app/Zillit.app/Contents/app/jna-5.13.0-bd2e5bc6b4b020c2d9a6e17a8e9bcef1.jar:/Users/sahilkashyap/AndroidStudioProjects/Zillit/desktopApp/build/compose/binaries/main/app/Zillit.app/Contents/app/jna-platform-5.13.0-7cc7af47ad1f151faa57ef624b2f271.jar:/Users/sahilkashyap/AndroidStudioProjects/Zillit/desktopApp/build/compose/binaries/main/app/Zillit.app/Contents/app/json-20090211-333139fffc6c9d4bc3d2495d9613f092.jar:/Users/sahilkashyap/AndroidStudioProjects/Zillit/desktopApp/build/compose/binaries/main/app/Zillit.app/Contents/app/jspecify-1.0.0-9133aba420d0ca3b01dbb6ae9992cf6.jar:/Users/sahilkashyap/AndroidStudioProjects/Zillit/desktopApp/build/compose/binaries/main/app/Zillit.app/Contents/app/koin-compose-jvm-4.2.2-fef56dff985d468e4bc99dd050d584.jar:/Users/sahilkashyap/AndroidStudioProjects/Zillit/desktopApp/build/compose/binaries/main/app/Zillit.app/Contents/app/koin-core-jvm-4.2.2-994c7c1ccb4a746fb81c32726ee66a.jar:/Users/sahilkashyap/AndroidStudioProjects/Zillit/desktopApp/build/compose/binaries/main/app/Zillit.app/Contents/app/kotlin-stdlib-2.4.10-5b757154baf259203dc5a025571bec14.jar:/Users/sahilkashyap/AndroidStudioProjects/Zillit/desktopApp/build/compose/binaries/main/app/Zillit.app/Contents/app/kotlin-stdlib-jdk7-1.9.21-5814f6b676a4be6cb4a87ccea3838bc.jar:/Users/sahilkashyap/AndroidStudioProjects/Zillit/desktopApp/build/compose/binaries/main/app/Zillit.app/Contents/app/kotlin-stdlib-jdk8-1.9.21-60956e2692ea42b660a06deeb8239f0.jar:/Users/sahilkashyap/AndroidStudioProjects/Zillit/desktopApp/build/compose/binaries/main/app/Zillit.app/Contents/app/kotlinx-coroutines-core-jvm-1.11.0-41a5e9a2f2c9affb9d9ab254be5a984f.jar:/Users/sahilkashyap/AndroidStudioProjects/Zillit/desktopApp/build/compose/binaries/main/app/Zillit.app/Contents/app/kotlinx-coroutines-slf4j-1.11.0-aa9f8a4e70944e6a49f380574b7648a.jar:/Users/sahilkashyap/AndroidStudioProjects/Zillit/desktopApp/build/compose/binaries/main/app/Zillit.app/Contents/app/kotlinx-coroutines-swing-1.11.0-e2b21cfe6937a29f4b6eb63570c77085.jar:/Users/sahilkashyap/AndroidStudioProjects/Zillit/desktopApp/build/compose/binaries/main/app/Zillit.app/Contents/app/kotlinx-datetime-jvm-0.8.0-74607e75425578a6983dcb8528507cd.jar:/Users/sahilkashyap/AndroidStudioProjects/Zillit/desktopApp/build/compose/binaries/main/app/Zillit.app/Contents/app/kotlinx-io-bytestring-jvm-0.9.1-1fa18e5bc2d9838cb1e3967a5455d62.jar:/Users/sahilkashyap/AndroidStudioProjects/Zillit/desktopApp/build/compose/binaries/main/app/Zillit.app/Contents/app/kotlinx-io-core-jvm-0.9.1-e6e3ee3c3352736bc91761df2e51d056.jar:/Users/sahilkashyap/AndroidStudioProjects/Zillit/desktopApp/build/compose/binaries/main/app/Zillit.app/Contents/app/kotlinx-serialization-core-jvm-1.11.0-cce19040b3217192d383e28af7ffcb58.jar:/Users/sahilkashyap/AndroidStudioProjects/Zillit/desktopApp/build/compose/binaries/main/app/Zillit.app/Contents/app/kotlinx-serialization-json-io-jvm-1.11.0-18fa3980a634626154439afcf274a88.jar:/Users/sahilkashyap/AndroidStudioProjects/Zillit/desktopApp/build/compose/binaries/main/app/Zillit.app/Contents/app/kotlinx-serialization-json-jvm-1.11.0-22c7504f2965bec48288d5efa4886c52.jar:/Users/sahilkashyap/AndroidStudioProjects/Zillit/desktopApp/build/compose/binaries/main/app/Zillit.app/Contents/app/ktor-client-content-negotiation-jvm-3.5.2-c9bbecd69744581e13fead356737ebf3.jar:/Users/sahilkashyap/AndroidStudioProjects/Zillit/desktopApp/build/compose/binaries/main/app/Zillit.app/Contents/app/ktor-client-core-jvm-3.5.2-1a9710f5dab5151548f65abec26a78b0.jar:/Users/sahilkashyap/AndroidStudioProjects/Zillit/desktopApp/build/compose/binaries/main/app/Zillit.app/Contents/app/ktor-client-logging-jvm-3.5.2-55dfcdf571cee842f3c93cc835f4eda.jar:/Users/sahilkashyap/AndroidStudioProjects/Zillit/desktopApp/build/compose/binaries/main/app/Zillit.app/Contents/app/ktor-client-okhttp-jvm-3.5.2-8cf16917bae89410c6d37bbf5da242ba.jar:/Users/sahilkashyap/AndroidStudioProjects/Zillit/desktopApp/build/compose/binaries/main/app/Zillit.app/Contents/app/ktor-events-jvm-3.5.2-bac261676d934e3d5dc436bcaf82a8f.jar:/Users/sahilkashyap/AndroidStudioProjects/Zillit/desktopApp/build/compose/binaries/main/app/Zillit.app/Contents/app/ktor-http-cio-jvm-3.5.2-9c72b1ad3b4b2568867fa4dcf0c131.jar:/Users/sahilkashyap/AndroidStudioProjects/Zillit/desktopApp/build/compose/binaries/main/app/Zillit.app/Contents/app/ktor-http-jvm-3.5.2-93a7da274646a1cdfc971cbb7938a76.jar:/Users/sahilkashyap/AndroidStudioProjects/Zillit/desktopApp/build/compose/binaries/main/app/Zillit.app/Contents/app/ktor-io-jvm-3.5.2-fd9ea04e166e217dd7bb40d61d98ea.jar:/Users/sahilkashyap/AndroidStudioProjects/Zillit/desktopApp/build/compose/binaries/main/app/Zillit.app/Contents/app/ktor-network-jvm-3.5.2-44e6d1e6c82e60d475b9a4ba1c32.jar:/Users/sahilkashyap/AndroidStudioProjects/Zillit/desktopApp/build/compose/binaries/main/app/Zillit.app/Contents/app/ktor-serialization-jvm-3.5.2-ed65728b562fe8c1f7ca8fb9a4e8ca.jar:/Users/sahilkashyap/AndroidStudioProjects/Zillit/desktopApp/build/compose/binaries/main/app/Zillit.app/Contents/app/ktor-serialization-kotlinx-json-jvm-3.5.2-ae1c90ab96957fb39831b611009b59.jar:/Users/sahilkashyap/AndroidStudioProjects/Zillit/desktopApp/build/compose/binaries/main/app/Zillit.app/Contents/app/ktor-serialization-kotlinx-jvm-3.5.2-85e9d2d33d4e71af58aa725be9f2c92.jar:/Users/sahilkashyap/AndroidStudioProjects/Zillit/desktopApp/build/compose/binaries/main/app/Zillit.app/Contents/app/ktor-sse-jvm-3.5.2-65319749f2dfbd9b81facace4675e77.jar:/Users/sahilkashyap/AndroidStudioProjects/Zillit/desktopApp/build/compose/binaries/main/app/Zillit.app/Contents/app/ktor-utils-jvm-3.5.2-ceb4ac764f6fddd9ea42b136ff1a.jar:/Users/sahilkashyap/AndroidStudioProjects/Zillit/desktopApp/build/compose/binaries/main/app/Zillit.app/Contents/app/ktor-websocket-serialization-jvm-3.5.2-33e14e5ffcdfcdeebacf918241aa24ac.jar:/Users/sahilkashyap/AndroidStudioProjects/Zillit/desktopApp/build/compose/binaries/main/app/Zillit.app/Contents/app/ktor-websockets-jvm-3.5.2-107d0998c2b680eaf257e872e76a94.jar:/Users/sahilkashyap/AndroidStudioProjects/Zillit/desktopApp/build/compose/binaries/main/app/Zillit.app/Contents/app/library-desktop-1.11.1-297a54414da4a367efb3223fc064d2bb.jar:/Users/sahilkashyap/AndroidStudioProjects/Zillit/desktopApp/build/compose/binaries/main/app/Zillit.app/Contents/app/lifecycle-common-jvm-2.11.0-beta01-a959fe40f2d0f5fec386bea6b823d740.jar:/Users/sahilkashyap/AndroidStudioProjects/Zillit/desktopApp/build/compose/binaries/main/app/Zillit.app/Contents/app/lifecycle-runtime-compose-desktop-2.11.0-beta01-de578d01d15f2c99ea8bbd993fd5.jar:/Users/sahilkashyap/AndroidStudioProjects/Zillit/desktopApp/build/compose/binaries/main/app/Zillit.app/Contents/app/lifecycle-runtime-compose-desktop-2.11.0-beta01-ffb54211a8c3862a8cd05279f4117790.jar:/Users/sahilkashyap/AndroidStudioProjects/Zillit/desktopApp/build/compose/binaries/main/app/Zillit.app/Contents/app/lifecycle-runtime-desktop-2.11.0-beta01-f14af19f336c43981285f2b83ea88f.jar:/Users/sahilkashyap/AndroidStudioProjects/Zillit/desktopApp/build/compose/binaries/main/app/Zillit.app/Contents/app/lifecycle-viewmodel-compose-desktop-2.11.0-beta01-8c8b5c8d71759d5b1f927a06b97a278.jar:/Users/sahilkashyap/AndroidStudioProjects/Zillit/desktopApp/build/compose/binaries/main/app/Zillit.app/Contents/app/lifecycle-viewmodel-compose-desktop-2.11.0-beta01-a2efd9d8a4363bdc03bb7bdb822e3bb.jar:/Users/sahilkashyap/AndroidStudioProjects/Zillit/desktopApp/build/compose/binaries/main/app/Zillit.app/Contents/app/lifecycle-viewmodel-desktop-2.11.0-beta01-6765f67c2afce1a337a3726e1d1139bb.jar:/Users/sahilkashyap/AndroidStudioProjects/Zillit/desktopApp/build/compose/binaries/main/app/Zillit.app/Contents/app/lifecycle-viewmodel-savedstate-desktop-2.11.0-beta01-e927c27c498a1960d6d61db71a30338.jar:/Users/sahilkashyap/AndroidStudioProjects/Zillit/desktopApp/build/compose/binaries/main/app/Zillit.app/Contents/app/localization-jvm-3768b5b2f5a09535539fff9beae639.jar:/Users/sahilkashyap/AndroidStudioProjects/Zillit/desktopApp/build/compose/binaries/main/app/Zillit.app/Contents/app/material-desktop-1.11.1-25436e0596588ad39cc6841e571bd6.jar:/Users/sahilkashyap/AndroidStudioProjects/Zillit/desktopApp/build/compose/binaries/main/app/Zillit.app/Contents/app/material-ripple-desktop-1.11.1-25262e12df3eab6a74d96e5c5f1e35d4.jar:/Users/sahilkashyap/AndroidStudioProjects/Zillit/desktopApp/build/compose/binaries/main/app/Zillit.app/Contents/app/material3-desktop-1.11.0-alpha07-918c713f9d591a34492212a164f5c190.jar:/Users/sahilkashyap/AndroidStudioProjects/Zillit/desktopApp/build/compose/binaries/main/app/Zillit.app/Contents/app/mvvm-jvm-1d555027580f685faf529ed52149444.jar:/Users/sahilkashyap/AndroidStudioProjects/Zillit/desktopApp/build/compose/binaries/main/app/Zillit.app/Contents/app/napier-jvm-2.7.1-aed25d98291af08e19ed10c4ac38658.jar:/Users/sahilkashyap/AndroidStudioProjects/Zillit/desktopApp/build/compose/binaries/main/app/Zillit.app/Contents/app/navigationevent-desktop-1.0.1-e0291c4f5d6a6b9038dae1d32950806e.jar:/Users/sahilkashyap/AndroidStudioProjects/Zillit/desktopApp/build/compose/binaries/main/app/Zillit.app/Contents/app/network-jvm-f0b16b88e1eeefb6fa73d42c13ddc5.jar:/Users/sahilkashyap/AndroidStudioProjects/Zillit/desktopApp/build/compose/binaries/main/app/Zillit.app/Contents/app/notifications-jvm-edfb51c3343f98ee36aa52df9ea93d7e.jar:/Users/sahilkashyap/AndroidStudioProjects/Zillit/desktopApp/build/compose/binaries/main/app/Zillit.app/Contents/app/okhttp-jvm-5.3.2-827a887aa959c1f1d6b12f3345df2484.jar:/Users/sahilkashyap/AndroidStudioProjects/Zillit/desktopApp/build/compose/binaries/main/app/Zillit.app/Contents/app/okio-jvm-3.17.0-96ad357689fd2841747aec56e94a7162.jar:/Users/sahilkashyap/AndroidStudioProjects/Zillit/desktopApp/build/compose/binaries/main/app/Zillit.app/Contents/app/payroll-jvm-f5256be5267b30eb94a9a3da645158a.jar:/Users/sahilkashyap/AndroidStudioProjects/Zillit/desktopApp/build/compose/binaries/main/app/Zillit.app/Contents/app/pdfbox-3.0.3-15cd4480a886e22cd081537be5a11f14.jar:/Users/sahilkashyap/AndroidStudioProjects/Zillit/desktopApp/build/compose/binaries/main/app/Zillit.app/Contents/app/pdfbox-io-3.0.3-a348b5a7bdb7784fcf3d7ad7cc31d2b4.jar:/Users/sahilkashyap/AndroidStudioProjects/Zillit/desktopApp/build/compose/binaries/main/app/Zillit.app/Contents/app/permissions-jvm-8661fd439efea43669230a69defba.jar:/Users/sahilkashyap/AndroidStudioProjects/Zillit/desktopApp/build/compose/binaries/main/app/Zillit.app/Contents/app/purchaseorder-jvm-3bfe5a591fecd8937c0eedd42866412.jar:/Users/sahilkashyap/AndroidStudioProjects/Zillit/desktopApp/build/compose/binaries/main/app/Zillit.app/Contents/app/remoteconfig-jvm-c6fc9660626341a4a1a6df3c5aa6a1aa.jar:/Users/sahilkashyap/AndroidStudioProjects/Zillit/desktopApp/build/compose/binaries/main/app/Zillit.app/Contents/app/runtime-annotation-jvm-1.11.2-6963b878fcc7f76320564cfd61b7e881.jar:/Users/sahilkashyap/AndroidStudioProjects/Zillit/desktopApp/build/compose/binaries/main/app/Zillit.app/Contents/app/runtime-desktop-1.11.1-f530f7ee1fb51ca01a95c1bbb0ef3a7d.jar:/Users/sahilkashyap/AndroidStudioProjects/Zillit/desktopApp/build/compose/binaries/main/app/Zillit.app/Contents/app/runtime-desktop-1.11.2-b26a4a152b09eaedc9359b8121752f8.jar:/Users/sahilkashyap/AndroidStudioProjects/Zillit/desktopApp/build/compose/binaries/main/app/Zillit.app/Contents/app/runtime-jvm-2.3.2-7dd97cb3ef7e662f58acf221e8eaadf.jar:/Users/sahilkashyap/AndroidStudioProjects/Zillit/desktopApp/build/compose/binaries/main/app/Zillit.app/Contents/app/runtime-retain-desktop-1.11.2-1a6731c44f232c5d9e1fb10edac28de.jar:/Users/sahilkashyap/AndroidStudioProjects/Zillit/desktopApp/build/compose/binaries/main/app/Zillit.app/Contents/app/runtime-saveable-desktop-1.11.1-eea89111a01dbed26b76bf2f1fd3.jar:/Users/sahilkashyap/AndroidStudioProjects/Zillit/desktopApp/build/compose/binaries/main/app/Zillit.app/Contents/app/runtime-saveable-desktop-1.11.2-80f1ec1d671efb9ee47f426501a6620.jar:/Users/sahilkashyap/AndroidStudioProjects/Zillit/desktopApp/build/compose/binaries/main/app/Zillit.app/Contents/app/savedstate-compose-desktop-1.3.6-8de11644e97845eaa45d9e74fdec755.jar:/Users/sahilkashyap/AndroidStudioProjects/Zillit/desktopApp/build/compose/binaries/main/app/Zillit.app/Contents/app/savedstate-compose-desktop-1.4.0-84ed9710e312be7017fd7498fe747a.jar:/Users/sahilkashyap/AndroidStudioProjects/Zillit/desktopApp/build/compose/binaries/main/app/Zillit.app/Contents/app/savedstate-desktop-1.4.0-e2a50762f9c6de234b04b12926df6b3.jar:/Users/sahilkashyap/AndroidStudioProjects/Zillit/desktopApp/build/compose/binaries/main/app/Zillit.app/Contents/app/secret-service-1.8.1-jdk17-b157ea0b5eca4edb50f82e2a518896.jar:/Users/sahilkashyap/AndroidStudioProjects/Zillit/desktopApp/build/compose/binaries/main/app/Zillit.app/Contents/app/security-jvm-cf2cca7b1b5958fcddab1223b24ba5.jar:/Users/sahilkashyap/AndroidStudioProjects/Zillit/desktopApp/build/compose/binaries/main/app/Zillit.app/Contents/app/session-jvm-a59d17f3038bb3f42b19c1ac63d8cc.jar:/Users/sahilkashyap/AndroidStudioProjects/Zillit/desktopApp/build/compose/binaries/main/app/Zillit.app/Contents/app/settings-jvm-4b2ebbc54da31eaafd178e3c38af7f6.jar:/Users/sahilkashyap/AndroidStudioProjects/Zillit/desktopApp/build/compose/binaries/main/app/Zillit.app/Contents/app/shell-jvm-ac719a4d25df71d1bd7ee3bdfb8d7d31.jar:/Users/sahilkashyap/AndroidStudioProjects/Zillit/desktopApp/build/compose/binaries/main/app/Zillit.app/Contents/app/skiko-awt-0.144.6-6b3e9f225137b9011f3a95ca950455.jar:/Users/sahilkashyap/AndroidStudioProjects/Zillit/desktopApp/build/compose/binaries/main/app/Zillit.app/Contents/app/skiko-awt-runtime-macos-arm64-0.144.6-5f26e8a5ac48f76fbb904f384c973a1b.jar:/Users/sahilkashyap/AndroidStudioProjects/Zillit/desktopApp/build/compose/binaries/main/app/Zillit.app/Contents/app/slf4j-api-2.0.18-fe2837bd49bfb7665741902fed2ca9.jar:/Users/sahilkashyap/AndroidStudioProjects/Zillit/desktopApp/build/compose/binaries/main/app/Zillit.app/Contents/app/socket-jvm-b144a561f5c96aee47f8b455a8c8d44.jar:/Users/sahilkashyap/AndroidStudioProjects/Zillit/desktopApp/build/compose/binaries/main/app/Zillit.app/Contents/app/socket.io-client-2.1.2-50a6b6d63bd1f9f1e9eb2351d0f4f2aa.jar:/Users/sahilkashyap/AndroidStudioProjects/Zillit/desktopApp/build/compose/binaries/main/app/Zillit.app/Contents/app/sqldelight-async-extensions-jvm-2.3.2-2e2cc75eab233d688f727e9b8f2dceff.jar:/Users/sahilkashyap/AndroidStudioProjects/Zillit/desktopApp/build/compose/binaries/main/app/Zillit.app/Contents/app/sqldelight-coroutines-extensions-jvm-2.3.2-4188fd852ae68dd1c1fa036b4ba4ea.jar:/Users/sahilkashyap/AndroidStudioProjects/Zillit/desktopApp/build/compose/binaries/main/app/Zillit.app/Contents/app/sqlite-driver-2.3.2-5ca98d6102674639f1fa1c35c89975.jar:/Users/sahilkashyap/AndroidStudioProjects/Zillit/desktopApp/build/compose/binaries/main/app/Zillit.app/Contents/app/sqlite-jdbc-3.53.4.0-e7298769bda94aae64f4469dfa7c3e47.jar:/Users/sahilkashyap/AndroidStudioProjects/Zillit/desktopApp/build/compose/binaries/main/app/Zillit.app/Contents/app/stately-concurrency-jvm-2.1.0-caa3a637b3459827e138cf78b9f31c55.jar:/Users/sahilkashyap/AndroidStudioProjects/Zillit/desktopApp/build/compose/binaries/main/app/Zillit.app/Contents/app/stately-concurrent-collections-jvm-2.1.0-b7acc01ab9a6662528925fb79d422dd1.jar:/Users/sahilkashyap/AndroidStudioProjects/Zillit/desktopApp/build/compose/binaries/main/app/Zillit.app/Contents/app/stately-strict-jvm-2.1.0-4aa938e33acc448c4ebd7f76848d22.jar:/Users/sahilkashyap/AndroidStudioProjects/Zillit/desktopApp/build/compose/binaries/main/app/Zillit.app/Contents/app/timecard-jvm-90ad2e27d2ba5d32e6cdc731a7fc895.jar:/Users/sahilkashyap/AndroidStudioProjects/Zillit/desktopApp/build/compose/binaries/main/app/Zillit.app/Contents/app/ui-backhandler-desktop-1.11.1-628e5847a9bb5f2484c7a1764133b08.jar:/Users/sahilkashyap/AndroidStudioProjects/Zillit/desktopApp/build/compose/binaries/main/app/Zillit.app/Contents/app/ui-desktop-1.11.1-8b94f48ebc49294a7a48a96ddd90dab9.jar:/Users/sahilkashyap/AndroidStudioProjects/Zillit/desktopApp/build/compose/binaries/main/app/Zillit.app/Contents/app/ui-geometry-desktop-1.11.1-50f2f5ca194395b3639e4e26be66d2ae.jar:/Users/sahilkashyap/AndroidStudioProjects/Zillit/desktopApp/build/compose/binaries/main/app/Zillit.app/Contents/app/ui-graphics-desktop-1.11.1-9719c3b28df541492cffa726d5969d.jar:/Users/sahilkashyap/AndroidStudioProjects/Zillit/desktopApp/build/compose/binaries/main/app/Zillit.app/Contents/app/ui-text-desktop-1.11.1-c237f6ec36592e968436efc2f2ee3e4d.jar:/Users/sahilkashyap/AndroidStudioProjects/Zillit/desktopApp/build/compose/binaries/main/app/Zillit.app/Contents/app/ui-tooling-preview-desktop-1.11.1-b496665b26f319b702eea4c9e514f7d.jar:/Users/sahilkashyap/AndroidStudioProjects/Zillit/desktopApp/build/compose/binaries/main/app/Zillit.app/Contents/app/ui-unit-desktop-1.11.1-6974f16892c8d8d3723cb6de69a762de.jar:/Users/sahilkashyap/AndroidStudioProjects/Zillit/desktopApp/build/compose/binaries/main/app/Zillit.app/Contents/app/ui-util-desktop-1.11.1-4acc4435b9b1c62da975d3cc6425edd.jar:/Users/sahilkashyap/AndroidStudioProjects/Zillit/desktopApp/build/compose/binaries/main/app/Zillit.app/Contents/app/units-jvm-a8828f8164025a14b10dd79b335254.jar:/Users/sahilkashyap/AndroidStudioProjects/Zillit/desktopApp/build/compose/binaries/main/app/Zillit.app/Contents/app/workspace-jvm-a7d3e6282582f554484e4229523eeab.jar
Launcher Type: SUN_STANDARD

[Global flags]
     intx CICompilerCount                          = 4                                         {product} {ergonomic}
     uint ConcGCThreads                            = 2                                         {product} {ergonomic}
     uint G1ConcRefinementThreads                  = 8                                         {product} {ergonomic}
   size_t G1HeapRegionSize                         = 1048576                                   {product} {ergonomic}
    uintx GCDrainStackTargetSize                   = 64                                        {product} {ergonomic}
   size_t InitialHeapSize                          = 134217728                                 {product} {ergonomic}
   size_t MarkStackSize                            = 4194304                                   {product} {ergonomic}
   size_t MaxHeapSize                              = 2147483648                                {product} {ergonomic}
   size_t MaxNewSize                               = 1287651328                                {product} {ergonomic}
   size_t MinHeapDeltaBytes                        = 1048576                                   {product} {ergonomic}
   size_t MinHeapSize                              = 8388608                                   {product} {ergonomic}
    uintx NonNMethodCodeHeapSize                   = 5839564                                {pd product} {ergonomic}
    uintx NonProfiledCodeHeapSize                  = 122909338                              {pd product} {ergonomic}
    uintx ProfiledCodeHeapSize                     = 122909338                              {pd product} {ergonomic}
    uintx ReservedCodeCacheSize                    = 251658240                              {pd product} {ergonomic}
     bool SegmentedCodeCache                       = true                                      {product} {ergonomic}
   size_t SoftMaxHeapSize                          = 2147483648                             {manageable} {ergonomic}
     bool UseCompressedOops                        = true                           {product lp64_product} {ergonomic}
     bool UseG1GC                                  = true                                      {product} {ergonomic}
     bool UseNUMA                                  = false                                     {product} {ergonomic}
     bool UseNUMAInterleaving                      = false                                     {product} {ergonomic}

Logging:
Log output configuration:
 #0: stdout all=warning uptime,level,tags foldmultilines=false
 #1: stderr all=off uptime,level,tags foldmultilines=false

Release file:
JAVA_VERSION="21.0.11"
MODULES="java.base java.datatransfer java.xml java.prefs java.desktop gluegen.rt java.logging java.management java.security.sasl java.naming java.net.http java.transaction.xa java.sql jogl.all jcef jdk.crypto.ec jdk.unsupported"

Environment Variables:
PATH=/Users/sahilkashyap/.antigravity-ide/antigravity-ide/bin:/Users/sahilkashyap/.antigravity/antigravity/bin:/Library/Frameworks/Python.framework/Versions/3.13/bin:/usr/local/bin:/System/Cryptexes/App/usr/bin:/usr/bin:/bin:/usr/sbin:/sbin:/var/run/com.apple.security.cryptexd/codex.system/bootstrap/usr/local/bin:/var/run/com.apple.security.cryptexd/codex.system/bootstrap/usr/bin:/var/run/com.apple.security.cryptexd/codex.system/bootstrap/usr/appleinternal/bin:/pkg/env/global/bin:/Library/Apple/usr/bin:/opt/homebrew/bin:/Users/sahilkashyap/.cargo/bin:/Users/sahilkashyap/Library/Android/sdk/emulator:/Users/sahilkashyap/Library/Android/sdk/tools:/Users/sahilkashyap/Library/Android/sdk/tools/bin:/Users/sahilkashyap/Library/Android/sdk/platform-tools:/Users/sahilkashyap/Library/Android/sdk/tools:/Users/sahilkashyap/Library/Android/sdk/platform-tools:~/.android-sdk-macosx/platform-tools/:/Users/sahilkashyap/.local/bin:/Users/sahilkashyap/.claude/plugins/cache/claude-plugins-official/claude-code-setup/1.0.0/bin:/Users/sahilkashyap/.claude/plugins/cache/claude-plugins-official/firebase/unknown/bin:/Users/sahilkashyap/.claude/plugins/cache/claude-plugins-official/kotlin-lsp/1.0.0/bin:/Users/sahilkashyap/.claude/plugins/cache/claude-plugins-official/postman/1.0.0/bin:/Users/sahilkashyap/.claude/plugins/cache/claude-plugins-official/typescript-lsp/1.0.0/bin:/Users/sahilkashyap/Library/Application Support/Claude/local-agent-mode-sessions/30b8f99d-2c73-415e-9b96-eeff0f9efcff/87da1cbe-5c7b-4bac-bee0-8999399b03ea/rpm/plugin_0155zZVATbJU3jHUmPP9NvMC/bin:/Users/sahilkashyap/Library/Application Support/Claude/local-agent-mode-sessions/30b8f99d-2c73-415e-9b96-eeff0f9efcff/87da1cbe-5c7b-4bac-bee0-8999399b03ea/rpm/plugin_01VUWKAs3gYLNqeKbDtxv1Xs/bin:/Users/sahilkashyap/Library/Application Support/Claude/local-agent-mode-sessions/30b8f99d-2c73-415e-9b96-eeff0f9efcff/87da1cbe-5c7b-4bac-bee0-8999399b03ea/rpm/plugin_01XXJmxLXPEhPMmnxmrgntNw/bin:/Users/sahilkashyap/Library/Application Support/Claude/local-agent-mode-sessions/skills-plugin/87da1cbe-5c7b-4bac-bee0-8999399b03ea/30b8f99d-2c73-415e-9b96-eeff0f9efcff/bin
SHELL=/bin/zsh
TMPDIR=/var/folders/bz/y_zmq1dx0wsb2r7fz3vfc_940000gn/T/
DYLD_LIBRARY_PATH=:/Users/sahilkashyap/AndroidStudioProjects/Zillit/desktopApp/build/compose/binaries/main/app/Zillit.app/Contents/app

Active Locale:
LC_ALL=C
LC_COLLATE=C
LC_CTYPE=C
LC_MESSAGES=C
LC_MONETARY=C
LC_NUMERIC=C
LC_TIME=C

Signal Handlers:
   SIGSEGV: crash_handler in libjvm.dylib, mask=11100110000111110111111111111111, flags=SA_ONSTACK|SA_RESTART|SA_SIGINFO, unblocked
    SIGBUS: crash_handler in libjvm.dylib, mask=11100110000111110111111111111111, flags=SA_RESTART|SA_SIGINFO, unblocked
    SIGFPE: crash_handler in libjvm.dylib, mask=11100110000111110111111111111111, flags=SA_RESTART|SA_SIGINFO, unblocked
   SIGPIPE: javaSignalHandler in libjvm.dylib, mask=11100110000111110111111111111111, flags=SA_RESTART|SA_SIGINFO, blocked
   SIGXFSZ: javaSignalHandler in libjvm.dylib, mask=11100110000111110111111111111111, flags=SA_RESTART|SA_SIGINFO, blocked
    SIGILL: crash_handler in libjvm.dylib, mask=11100110000111110111111111111111, flags=SA_RESTART|SA_SIGINFO, unblocked
   SIGUSR2: SR_handler in libjvm.dylib, mask=00000000000000000000000000000000, flags=SA_RESTART|SA_SIGINFO, blocked
    SIGHUP: SIG_IGN, mask=00000000000000000000000000000000, flags=SA_RESTART, blocked
    SIGINT: SIG_IGN, mask=00000000000000000000000000000000, flags=SA_RESTART, blocked
   SIGTERM: UserHandler in libjvm.dylib, mask=11100110000111110111111111111111, flags=SA_RESTART|SA_SIGINFO, blocked
   SIGQUIT: UserHandler in libjvm.dylib, mask=11100110000111110111111111111111, flags=SA_RESTART|SA_SIGINFO, blocked
   SIGTRAP: crash_handler in libjvm.dylib, mask=11100110000111110111111111111111, flags=SA_RESTART|SA_SIGINFO, unblocked


Periodic native trim disabled

JNI global refs:
JNI global refs: 154, weak refs: 24

JNI global refs memory usage: 2099, weak refs: 833

Process memory usage:
Resident Set Size: 295248K (3% of 8388608K total physical memory with 68992K free physical memory)

OOME stack traces (most recent first):
Classloader memory used:
Loader jdk.internal.loader.ClassLoaders$AppClassLoader                                 : 36905K
Loader bootstrap                                                                       : 26230K
Loader jdk.internal.loader.ClassLoaders$PlatformClassLoader                            : 483K

---------------  S Y S T E M  ---------------

OS:
uname: Darwin 25.5.0 Darwin Kernel Version 25.5.0: Mon Apr 27 20:40:51 PDT 2026; root:xnu-12377.121.6~2/RELEASE_ARM64_T8112 arm64
OS uptime: 0 days 23:06 hours
rlimit (soft/hard): STACK 8176k/65520k , CORE 0k/infinity , NPROC 1333/2000 , NOFILE 10240/infinity , AS infinity/infinity , CPU infinity/infinity , DATA infinity/infinity , FSIZE infinity/infinity , MEMLOCK infinity/infinity , RSS infinity/infinity
load average: 2.71 2.82 3.29

CPU: total 8 (initial active 8) 0x61:0x0:0xda33d83d:0, fp, asimd, aes, pmull, sha1, sha256, crc32, lse, sha3, sha512
machdep.cpu.brand_string:Apple M2
hw.cachelinesize:128
hw.l1icachesize:131072
hw.l1dcachesize:65536
hw.l2cachesize:4194304

Memory: 16k page, physical 8388608k(93488k free), swap 2097152k(912320k free)

vm_info: OpenJDK 64-Bit Server VM (21.0.11+10-b1163.116) for bsd-aarch64 JRE (21.0.11+10-b1163.116), built on 2026-04-30 by "builduser" with clang Apple LLVM 15.0.0 (clang-1500.1.0.2.5)

END.
